__srcId,__status,__error
001Qy00001bVSqFIAW,failed,REQUIRED_FIELD_MISSING:Required fields are missing: [Name]:Name --
001Qy00001bVSqGIAW,failed,REQUIRED_FIELD_MISSING:Required fields are missing: [Name]:Name --
001Qy00001bVSqHIAW,failed,REQUIRED_FIELD_MISSING:Required fields are missing: [Name]:Name --
001Qy00001bVSqIIAW,failed,REQUIRED_FIELD_MISSING:Required fields are missing: [Name]:Name --
001Qy00001bVSqJIAW,failed,REQUIRED_FIELD_MISSING:Required fields are missing: [Name]:Name --
001Qy00001bVSqKIAW,failed,REQUIRED_FIELD_MISSING:Required fields are missing: [Name]:Name --
001Qy00001bVSqLIAW,failed,REQUIRED_FIELD_MISSING:Required fields are missing: [Name]:Name --
001Qy00001bVSqMIAW,failed,REQUIRED_FIELD_MISSING:Required fields are missing: [Name]:Name --
001Qy00001bVSqNIAW,failed,REQUIRED_FIELD_MISSING:Required fields are missing: [Name]:Name --
001Qy00001bVSqOIAW,failed,REQUIRED_FIELD_MISSING:Required fields are missing: [Name]:Name --
001Qy00001bVSqPIAW,failed,REQUIRED_FIELD_MISSING:Required fields are missing: [Name]:Name --
001Qy00001bVSqQIAW,failed,REQUIRED_FIELD_MISSING:Required fields are missing: [Name]:Name --
001Qy00001bVSqRIAW,failed,REQUIRED_FIELD_MISSING:Required fields are missing: [Name]:Name --
001Qy00001udnRVIAY,failed,REQUIRED_FIELD_MISSING:Required fields are missing: [Name]:Name --
001Qy00001udnRWIAY,failed,REQUIRED_FIELD_MISSING:Required fields are missing: [Name]:Name --
001Qy00001udnRXIAY,failed,REQUIRED_FIELD_MISSING:Required fields are missing: [Name]:Name --
001Qy00001udnRYIAY,failed,REQUIRED_FIELD_MISSING:Required fields are missing: [Name]:Name --
001Qy00001udnRZIAY,failed,REQUIRED_FIELD_MISSING:Required fields are missing: [Name]:Name --
001Qy00001udnRaIAI,failed,REQUIRED_FIELD_MISSING:Required fields are missing: [Name]:Name --
001Qy00001udnRbIAI,failed,REQUIRED_FIELD_MISSING:Required fields are missing: [Name]:Name --
001Qy00001udnRcIAI,failed,REQUIRED_FIELD_MISSING:Required fields are missing: [Name]:Name --
001Qy00001udnRdIAI,failed,REQUIRED_FIELD_MISSING:Required fields are missing: [Name]:Name --
001Qy00001udnReIAI,failed,REQUIRED_FIELD_MISSING:Required fields are missing: [Name]:Name --
001Qy00001udnRfIAI,failed,REQUIRED_FIELD_MISSING:Required fields are missing: [Name]:Name --
001Qy00001udnRgIAI,failed,REQUIRED_FIELD_MISSING:Required fields are missing: [Name]:Name --
001Qy00001udnRhIAI,failed,REQUIRED_FIELD_MISSING:Required fields are missing: [Name]:Name --
001Qy00001udnRiIAI,failed,REQUIRED_FIELD_MISSING:Required fields are missing: [Name]:Name --
001Qy00001udnRjIAI,failed,REQUIRED_FIELD_MISSING:Required fields are missing: [Name]:Name --
001Qy00001udnRkIAI,failed,REQUIRED_FIELD_MISSING:Required fields are missing: [Name]:Name --
001Qy00001udnRlIAI,failed,REQUIRED_FIELD_MISSING:Required fields are missing: [Name]:Name --
001Qy00001udnRmIAI,failed,REQUIRED_FIELD_MISSING:Required fields are missing: [Name]:Name --
001Qy00001udnRnIAI,failed,REQUIRED_FIELD_MISSING:Required fields are missing: [Name]:Name --
001Qy00001udnRoIAI,failed,REQUIRED_FIELD_MISSING:Required fields are missing: [Name]:Name --
001Qy00001udnRpIAI,failed,REQUIRED_FIELD_MISSING:Required fields are missing: [Name]:Name --
001Qy00001udnRqIAI,failed,REQUIRED_FIELD_MISSING:Required fields are missing: [Name]:Name --
001Qy00001udnRrIAI,failed,REQUIRED_FIELD_MISSING:Required fields are missing: [Name]:Name --
001Qy00001udnRsIAI,failed,REQUIRED_FIELD_MISSING:Required fields are missing: [Name]:Name --
001Qy00001udnRtIAI,failed,REQUIRED_FIELD_MISSING:Required fields are missing: [Name]:Name --
001Qy00001udnRuIAI,failed,REQUIRED_FIELD_MISSING:Required fields are missing: [Name]:Name --
001Qy00001udnRvIAI,failed,REQUIRED_FIELD_MISSING:Required fields are missing: [Name]:Name --
001Qy00001udnRwIAI,failed,REQUIRED_FIELD_MISSING:Required fields are missing: [Name]:Name --
001Qy00001udnRxIAI,failed,REQUIRED_FIELD_MISSING:Required fields are missing: [Name]:Name --
001Qy00001udnRyIAI,failed,REQUIRED_FIELD_MISSING:Required fields are missing: [Name]:Name --
001Qy00001udnRzIAI,failed,REQUIRED_FIELD_MISSING:Required fields are missing: [Name]:Name --
001Qy000029n5acIAA,failed,REQUIRED_FIELD_MISSING:Required fields are missing: [Name]:Name --
001Qy00001udnS0IAI,failed,REQUIRED_FIELD_MISSING:Required fields are missing: [Name]:Name --
001Qy00001udnS1IAI,failed,REQUIRED_FIELD_MISSING:Required fields are missing: [Name]:Name --
001Qy00001udnS2IAI,failed,REQUIRED_FIELD_MISSING:Required fields are missing: [Name]:Name --
001Qy00001udnS3IAI,failed,REQUIRED_FIELD_MISSING:Required fields are missing: [Name]:Name --
001Qy00001udnS4IAI,failed,REQUIRED_FIELD_MISSING:Required fields are missing: [Name]:Name --
001Qy00001udnS5IAI,failed,REQUIRED_FIELD_MISSING:Required fields are missing: [Name]:Name --
001Qy00001udnS6IAI,failed,REQUIRED_FIELD_MISSING:Required fields are missing: [Name]:Name --
001Qy00001udnS7IAI,failed,REQUIRED_FIELD_MISSING:Required fields are missing: [Name]:Name --
001Qy00001udnS8IAI,failed,REQUIRED_FIELD_MISSING:Required fields are missing: [Name]:Name --
001Qy00001udnS9IAI,failed,REQUIRED_FIELD_MISSING:Required fields are missing: [Name]:Name --
001Qy00001udnSAIAY,failed,REQUIRED_FIELD_MISSING:Required fields are missing: [Name]:Name --
001Qy00001udnSBIAY,failed,REQUIRED_FIELD_MISSING:Required fields are missing: [Name]:Name --
001Qy00001udnSCIAY,failed,REQUIRED_FIELD_MISSING:Required fields are missing: [Name]:Name --
001Qy00001udnSDIAY,failed,REQUIRED_FIELD_MISSING:Required fields are missing: [Name]:Name --
001Qy00001udnSEIAY,failed,REQUIRED_FIELD_MISSING:Required fields are missing: [Name]:Name --
001Qy00001udnSFIAY,failed,REQUIRED_FIELD_MISSING:Required fields are missing: [Name]:Name --
001Qy00001udnSGIAY,failed,REQUIRED_FIELD_MISSING:Required fields are missing: [Name]:Name --
001Qy00001udnSHIAY,failed,REQUIRED_FIELD_MISSING:Required fields are missing: [Name]:Name --
001Qy00001udnSIIAY,failed,REQUIRED_FIELD_MISSING:Required fields are missing: [Name]:Name --
001Qy000029n5ZrIAI,failed,REQUIRED_FIELD_MISSING:Required fields are missing: [Name]:Name --
001Qy000029n5ZsIAI,failed,REQUIRED_FIELD_MISSING:Required fields are missing: [Name]:Name --
001Qy000029n5ZtIAI,failed,REQUIRED_FIELD_MISSING:Required fields are missing: [Name]:Name --
001Qy000029n5ZuIAI,failed,REQUIRED_FIELD_MISSING:Required fields are missing: [Name]:Name --
001Qy000029n5ZvIAI,failed,REQUIRED_FIELD_MISSING:Required fields are missing: [Name]:Name --
001Qy000029n5ZwIAI,failed,REQUIRED_FIELD_MISSING:Required fields are missing: [Name]:Name --
001Qy000029n5ZxIAI,failed,REQUIRED_FIELD_MISSING:Required fields are missing: [Name]:Name --
001Qy000029n5ZyIAI,failed,REQUIRED_FIELD_MISSING:Required fields are missing: [Name]:Name --
001Qy000029n5ZzIAI,failed,REQUIRED_FIELD_MISSING:Required fields are missing: [Name]:Name --
001Qy000029n5a0IAA,failed,REQUIRED_FIELD_MISSING:Required fields are missing: [Name]:Name --
001Qy000029n5a1IAA,failed,REQUIRED_FIELD_MISSING:Required fields are missing: [Name]:Name --
001Qy000029n5a2IAA,failed,REQUIRED_FIELD_MISSING:Required fields are missing: [Name]:Name --
001Qy000029n5a3IAA,failed,REQUIRED_FIELD_MISSING:Required fields are missing: [Name]:Name --
001Qy000029n5a4IAA,failed,REQUIRED_FIELD_MISSING:Required fields are missing: [Name]:Name --
001Qy000029n5a5IAA,failed,REQUIRED_FIELD_MISSING:Required fields are missing: [Name]:Name --
001Qy000029n5a6IAA,failed,REQUIRED_FIELD_MISSING:Required fields are missing: [Name]:Name --
001Qy000029n5a7IAA,failed,REQUIRED_FIELD_MISSING:Required fields are missing: [Name]:Name --
001Qy000029n5a8IAA,failed,REQUIRED_FIELD_MISSING:Required fields are missing: [Name]:Name --
001Qy000029n5a9IAA,failed,REQUIRED_FIELD_MISSING:Required fields are missing: [Name]:Name --
001Qy000029n5aAIAQ,failed,REQUIRED_FIELD_MISSING:Required fields are missing: [Name]:Name --
001Qy000029n5aBIAQ,failed,REQUIRED_FIELD_MISSING:Required fields are missing: [Name]:Name --
001Qy000029n5aCIAQ,failed,REQUIRED_FIELD_MISSING:Required fields are missing: [Name]:Name --
001Qy000029n5aDIAQ,failed,REQUIRED_FIELD_MISSING:Required fields are missing: [Name]:Name --
001Qy000029n5aEIAQ,failed,REQUIRED_FIELD_MISSING:Required fields are missing: [Name]:Name --
001Qy000029n5aFIAQ,failed,REQUIRED_FIELD_MISSING:Required fields are missing: [Name]:Name --
001Qy000029n5aGIAQ,failed,REQUIRED_FIELD_MISSING:Required fields are missing: [Name]:Name --
001Qy000029n5aHIAQ,failed,REQUIRED_FIELD_MISSING:Required fields are missing: [Name]:Name --
001Qy000029n5aIIAQ,failed,REQUIRED_FIELD_MISSING:Required fields are missing: [Name]:Name --
001Qy000029n5aJIAQ,failed,REQUIRED_FIELD_MISSING:Required fields are missing: [Name]:Name --
001Qy000029n5aKIAQ,failed,REQUIRED_FIELD_MISSING:Required fields are missing: [Name]:Name --
001Qy000029n5aLIAQ,failed,REQUIRED_FIELD_MISSING:Required fields are missing: [Name]:Name --
001Qy000029n5aMIAQ,failed,REQUIRED_FIELD_MISSING:Required fields are missing: [Name]:Name --
001Qy000029n5aNIAQ,failed,REQUIRED_FIELD_MISSING:Required fields are missing: [Name]:Name --
001Qy000029n5aOIAQ,failed,REQUIRED_FIELD_MISSING:Required fields are missing: [Name]:Name --
001Qy000029n5aPIAQ,failed,REQUIRED_FIELD_MISSING:Required fields are missing: [Name]:Name --
001Qy000029n5aQIAQ,failed,REQUIRED_FIELD_MISSING:Required fields are missing: [Name]:Name --
001Qy000029n5aRIAQ,failed,REQUIRED_FIELD_MISSING:Required fields are missing: [Name]:Name --
001Qy000029n5aSIAQ,failed,REQUIRED_FIELD_MISSING:Required fields are missing: [Name]:Name --
001Qy000029n5aTIAQ,failed,REQUIRED_FIELD_MISSING:Required fields are missing: [Name]:Name --
001Qy000029n5aUIAQ,failed,REQUIRED_FIELD_MISSING:Required fields are missing: [Name]:Name --
001Qy000029n5aVIAQ,failed,REQUIRED_FIELD_MISSING:Required fields are missing: [Name]:Name --
001Qy000029n5aWIAQ,failed,REQUIRED_FIELD_MISSING:Required fields are missing: [Name]:Name --
001Qy000029n5aXIAQ,failed,REQUIRED_FIELD_MISSING:Required fields are missing: [Name]:Name --
001Qy000029n5aYIAQ,failed,REQUIRED_FIELD_MISSING:Required fields are missing: [Name]:Name --
001Qy000029n5aZIAQ,failed,REQUIRED_FIELD_MISSING:Required fields are missing: [Name]:Name --
001Qy000029n5aaIAA,failed,REQUIRED_FIELD_MISSING:Required fields are missing: [Name]:Name --
001Qy000029n5abIAA,failed,REQUIRED_FIELD_MISSING:Required fields are missing: [Name]:Name --
001Qy000029n5adIAA,failed,REQUIRED_FIELD_MISSING:Required fields are missing: [Name]:Name --
001Qy000029n5aeIAA,failed,REQUIRED_FIELD_MISSING:Required fields are missing: [Name]:Name --
001Qy000029n5afIAA,failed,REQUIRED_FIELD_MISSING:Required fields are missing: [Name]:Name --
001Qy000029n5agIAA,failed,REQUIRED_FIELD_MISSING:Required fields are missing: [Name]:Name --
001Qy000029n5ahIAA,failed,REQUIRED_FIELD_MISSING:Required fields are missing: [Name]:Name --
001Qy000029n5aiIAA,failed,REQUIRED_FIELD_MISSING:Required fields are missing: [Name]:Name --
001Qy000029n5ajIAA,failed,REQUIRED_FIELD_MISSING:Required fields are missing: [Name]:Name --
001Qy000029n5akIAA,failed,REQUIRED_FIELD_MISSING:Required fields are missing: [Name]:Name --
001Qy000029n5alIAA,failed,REQUIRED_FIELD_MISSING:Required fields are missing: [Name]:Name --
001Qy000029n5amIAA,failed,REQUIRED_FIELD_MISSING:Required fields are missing: [Name]:Name --
001Qy000029n5anIAA,failed,REQUIRED_FIELD_MISSING:Required fields are missing: [Name]:Name --
001Qy000029n5aoIAA,failed,REQUIRED_FIELD_MISSING:Required fields are missing: [Name]:Name --
001Qy000029n5apIAA,failed,REQUIRED_FIELD_MISSING:Required fields are missing: [Name]:Name --
001Qy000029n5aqIAA,failed,REQUIRED_FIELD_MISSING:Required fields are missing: [Name]:Name --
001Qy000029n5arIAA,failed,REQUIRED_FIELD_MISSING:Required fields are missing: [Name]:Name --
001Qy000029n5asIAA,failed,REQUIRED_FIELD_MISSING:Required fields are missing: [Name]:Name --
001Qy000029n5atIAA,failed,REQUIRED_FIELD_MISSING:Required fields are missing: [Name]:Name --
001Qy000029n5auIAA,failed,REQUIRED_FIELD_MISSING:Required fields are missing: [Name]:Name --
001Qy000029n5avIAA,failed,REQUIRED_FIELD_MISSING:Required fields are missing: [Name]:Name --
001Qy000029n5awIAA,failed,REQUIRED_FIELD_MISSING:Required fields are missing: [Name]:Name --
001Qy000029n5axIAA,failed,REQUIRED_FIELD_MISSING:Required fields are missing: [Name]:Name --
001Qy000029n5ayIAA,failed,REQUIRED_FIELD_MISSING:Required fields are missing: [Name]:Name --
001Qy000029n5azIAA,failed,REQUIRED_FIELD_MISSING:Required fields are missing: [Name]:Name --
001Qy000029n5b0IAA,failed,REQUIRED_FIELD_MISSING:Required fields are missing: [Name]:Name --
001Qy000029n5b1IAA,failed,REQUIRED_FIELD_MISSING:Required fields are missing: [Name]:Name --
001Qy000029n5b2IAA,failed,REQUIRED_FIELD_MISSING:Required fields are missing: [Name]:Name --
001Qy000029n5b3IAA,failed,REQUIRED_FIELD_MISSING:Required fields are missing: [Name]:Name --
001Qy000029n5b4IAA,failed,REQUIRED_FIELD_MISSING:Required fields are missing: [Name]:Name --
001Qy000029n5b5IAA,failed,REQUIRED_FIELD_MISSING:Required fields are missing: [Name]:Name --
001Qy000029n5b6IAA,failed,REQUIRED_FIELD_MISSING:Required fields are missing: [Name]:Name --
001Qy000029n5b7IAA,failed,REQUIRED_FIELD_MISSING:Required fields are missing: [Name]:Name --
001Qy000029n5b8IAA,failed,REQUIRED_FIELD_MISSING:Required fields are missing: [Name]:Name --
001Qy000029n5b9IAA,failed,REQUIRED_FIELD_MISSING:Required fields are missing: [Name]:Name --
001Qy000029n5bAIAQ,failed,REQUIRED_FIELD_MISSING:Required fields are missing: [Name]:Name --
001Qy000029n5bBIAQ,failed,REQUIRED_FIELD_MISSING:Required fields are missing: [Name]:Name --
001Qy000029n5bCIAQ,failed,REQUIRED_FIELD_MISSING:Required fields are missing: [Name]:Name --
001Qy000029n5bDIAQ,failed,REQUIRED_FIELD_MISSING:Required fields are missing: [Name]:Name --
001Qy000029n5bEIAQ,failed,REQUIRED_FIELD_MISSING:Required fields are missing: [Name]:Name --
001Qy000029n5bFIAQ,failed,REQUIRED_FIELD_MISSING:Required fields are missing: [Name]:Name --
001Qy000029n5bGIAQ,failed,REQUIRED_FIELD_MISSING:Required fields are missing: [Name]:Name --
001Qy000029n5bHIAQ,failed,REQUIRED_FIELD_MISSING:Required fields are missing: [Name]:Name --
001Qy000029n5bIIAQ,failed,REQUIRED_FIELD_MISSING:Required fields are missing: [Name]:Name --
001Qy000029n5bJIAQ,failed,REQUIRED_FIELD_MISSING:Required fields are missing: [Name]:Name --
001Qy000029n5bKIAQ,failed,REQUIRED_FIELD_MISSING:Required fields are missing: [Name]:Name --
001Qy000029n5bLIAQ,failed,REQUIRED_FIELD_MISSING:Required fields are missing: [Name]:Name --
001Qy000029n5bMIAQ,failed,REQUIRED_FIELD_MISSING:Required fields are missing: [Name]:Name --
001Qy000029n5bNIAQ,failed,REQUIRED_FIELD_MISSING:Required fields are missing: [Name]:Name --
001Qy000029n5bOIAQ,failed,REQUIRED_FIELD_MISSING:Required fields are missing: [Name]:Name --
001Qy000029n5bPIAQ,failed,REQUIRED_FIELD_MISSING:Required fields are missing: [Name]:Name --
001Qy000029n5bQIAQ,failed,REQUIRED_FIELD_MISSING:Required fields are missing: [Name]:Name --
001Qy000029n9tfIAA,failed,REQUIRED_FIELD_MISSING:Required fields are missing: [Name]:Name --
001Qy000029n9tgIAA,failed,REQUIRED_FIELD_MISSING:Required fields are missing: [Name]:Name --
001Qy000029n9thIAA,failed,REQUIRED_FIELD_MISSING:Required fields are missing: [Name]:Name --
001Qy000029n9tiIAA,failed,REQUIRED_FIELD_MISSING:Required fields are missing: [Name]:Name --
001Qy000029n9tjIAA,failed,REQUIRED_FIELD_MISSING:Required fields are missing: [Name]:Name --
001Qy000029n9tkIAA,failed,REQUIRED_FIELD_MISSING:Required fields are missing: [Name]:Name --
001Qy000029n9tlIAA,failed,REQUIRED_FIELD_MISSING:Required fields are missing: [Name]:Name --
001Qy000029n9tmIAA,failed,REQUIRED_FIELD_MISSING:Required fields are missing: [Name]:Name --
001Qy000029n9tnIAA,failed,REQUIRED_FIELD_MISSING:Required fields are missing: [Name]:Name --
001Qy000029n9toIAA,failed,REQUIRED_FIELD_MISSING:Required fields are missing: [Name]:Name --
001Qy000029n9tpIAA,failed,REQUIRED_FIELD_MISSING:Required fields are missing: [Name]:Name --
001Qy000029n9tqIAA,failed,REQUIRED_FIELD_MISSING:Required fields are missing: [Name]:Name --
001Qy000029n9trIAA,failed,REQUIRED_FIELD_MISSING:Required fields are missing: [Name]:Name --
001Qy000029n9tsIAA,failed,REQUIRED_FIELD_MISSING:Required fields are missing: [Name]:Name --
001Qy000029n9ttIAA,failed,REQUIRED_FIELD_MISSING:Required fields are missing: [Name]:Name --
001Qy000029n9tuIAA,failed,REQUIRED_FIELD_MISSING:Required fields are missing: [Name]:Name --
001Qy000029n9tvIAA,failed,REQUIRED_FIELD_MISSING:Required fields are missing: [Name]:Name --
001Qy000029n9twIAA,failed,REQUIRED_FIELD_MISSING:Required fields are missing: [Name]:Name --
001Qy000029n9txIAA,failed,REQUIRED_FIELD_MISSING:Required fields are missing: [Name]:Name --
001Qy000029n9tyIAA,failed,REQUIRED_FIELD_MISSING:Required fields are missing: [Name]:Name --
001Qy000029n9tzIAA,failed,REQUIRED_FIELD_MISSING:Required fields are missing: [Name]:Name --
001Qy000029n9u0IAA,failed,REQUIRED_FIELD_MISSING:Required fields are missing: [Name]:Name --
001Qy000029n9u1IAA,failed,REQUIRED_FIELD_MISSING:Required fields are missing: [Name]:Name --
001Qy000029n9u2IAA,failed,REQUIRED_FIELD_MISSING:Required fields are missing: [Name]:Name --
001Qy000029n9u3IAA,failed,REQUIRED_FIELD_MISSING:Required fields are missing: [Name]:Name --
001Qy000029n9u4IAA,failed,REQUIRED_FIELD_MISSING:Required fields are missing: [Name]:Name --
001Qy000029n9u5IAA,failed,REQUIRED_FIELD_MISSING:Required fields are missing: [Name]:Name --
001Qy000029n9u6IAA,failed,REQUIRED_FIELD_MISSING:Required fields are missing: [Name]:Name --
001Qy000029n9u7IAA,failed,REQUIRED_FIELD_MISSING:Required fields are missing: [Name]:Name --
001Qy000029n9u8IAA,failed,REQUIRED_FIELD_MISSING:Required fields are missing: [Name]:Name --
001Qy000029n9u9IAA,failed,REQUIRED_FIELD_MISSING:Required fields are missing: [Name]:Name --
001Qy000029n9uAIAQ,failed,REQUIRED_FIELD_MISSING:Required fields are missing: [Name]:Name --
001Qy000029n9uBIAQ,failed,REQUIRED_FIELD_MISSING:Required fields are missing: [Name]:Name --
001Qy000029n9uCIAQ,failed,REQUIRED_FIELD_MISSING:Required fields are missing: [Name]:Name --
001Qy000029n9uDIAQ,failed,REQUIRED_FIELD_MISSING:Required fields are missing: [Name]:Name --
001Qy000029n9uEIAQ,failed,REQUIRED_FIELD_MISSING:Required fields are missing: [Name]:Name --
001Qy000029n9uFIAQ,failed,REQUIRED_FIELD_MISSING:Required fields are missing: [Name]:Name --
001Qy000029n9uGIAQ,failed,REQUIRED_FIELD_MISSING:Required fields are missing: [Name]:Name --
001Qy000029n9uHIAQ,failed,REQUIRED_FIELD_MISSING:Required fields are missing: [Name]:Name --
001Qy000029n9uIIAQ,failed,REQUIRED_FIELD_MISSING:Required fields are missing: [Name]:Name --
001Qy000029n9uJIAQ,failed,REQUIRED_FIELD_MISSING:Required fields are missing: [Name]:Name --
001Qy000029n9uKIAQ,failed,REQUIRED_FIELD_MISSING:Required fields are missing: [Name]:Name --
001Qy000029n9uLIAQ,failed,REQUIRED_FIELD_MISSING:Required fields are missing: [Name]:Name --
001Qy000029n9uMIAQ,failed,REQUIRED_FIELD_MISSING:Required fields are missing: [Name]:Name --
001Qy000029n9uNIAQ,failed,REQUIRED_FIELD_MISSING:Required fields are missing: [Name]:Name --
001Qy000029n9uOIAQ,failed,REQUIRED_FIELD_MISSING:Required fields are missing: [Name]:Name --
001Qy000029n9uPIAQ,failed,REQUIRED_FIELD_MISSING:Required fields are missing: [Name]:Name --
001Qy000029n9uQIAQ,failed,REQUIRED_FIELD_MISSING:Required fields are missing: [Name]:Name --
001Qy000029n9uRIAQ,failed,REQUIRED_FIELD_MISSING:Required fields are missing: [Name]:Name --
001Qy000029n9uSIAQ,failed,REQUIRED_FIELD_MISSING:Required fields are missing: [Name]:Name --
001Qy000029n9uTIAQ,failed,REQUIRED_FIELD_MISSING:Required fields are missing: [Name]:Name --
001Qy000029n9uUIAQ,failed,REQUIRED_FIELD_MISSING:Required fields are missing: [Name]:Name --
001Qy000029n9uVIAQ,failed,REQUIRED_FIELD_MISSING:Required fields are missing: [Name]:Name --
001Qy000029n9uWIAQ,failed,REQUIRED_FIELD_MISSING:Required fields are missing: [Name]:Name --
001Qy000029n9uXIAQ,failed,REQUIRED_FIELD_MISSING:Required fields are missing: [Name]:Name --
001Qy000029n9uYIAQ,failed,REQUIRED_FIELD_MISSING:Required fields are missing: [Name]:Name --
001Qy000029n9uZIAQ,failed,REQUIRED_FIELD_MISSING:Required fields are missing: [Name]:Name --
001Qy000029n9uaIAA,failed,REQUIRED_FIELD_MISSING:Required fields are missing: [Name]:Name --
001Qy000029n9ubIAA,failed,REQUIRED_FIELD_MISSING:Required fields are missing: [Name]:Name --
001Qy000029n9ucIAA,failed,REQUIRED_FIELD_MISSING:Required fields are missing: [Name]:Name --
001Qy000029n9udIAA,failed,REQUIRED_FIELD_MISSING:Required fields are missing: [Name]:Name --
001Qy000029n9ueIAA,failed,REQUIRED_FIELD_MISSING:Required fields are missing: [Name]:Name --
001Qy000029n9ufIAA,failed,REQUIRED_FIELD_MISSING:Required fields are missing: [Name]:Name --
001Qy000029n9ugIAA,failed,REQUIRED_FIELD_MISSING:Required fields are missing: [Name]:Name --
001Qy000029n9uhIAA,failed,REQUIRED_FIELD_MISSING:Required fields are missing: [Name]:Name --
001Qy000029n9uiIAA,failed,REQUIRED_FIELD_MISSING:Required fields are missing: [Name]:Name --
001Qy000029n9ujIAA,failed,REQUIRED_FIELD_MISSING:Required fields are missing: [Name]:Name --
001Qy000029n9ukIAA,failed,REQUIRED_FIELD_MISSING:Required fields are missing: [Name]:Name --
001Qy000029n9ulIAA,failed,REQUIRED_FIELD_MISSING:Required fields are missing: [Name]:Name --
001Qy000029n9umIAA,failed,REQUIRED_FIELD_MISSING:Required fields are missing: [Name]:Name --
001Qy000029n9unIAA,failed,REQUIRED_FIELD_MISSING:Required fields are missing: [Name]:Name --
001Qy000029n9uoIAA,failed,REQUIRED_FIELD_MISSING:Required fields are missing: [Name]:Name --
001Qy000029n9upIAA,failed,REQUIRED_FIELD_MISSING:Required fields are missing: [Name]:Name --
001Qy000029n9uqIAA,failed,REQUIRED_FIELD_MISSING:Required fields are missing: [Name]:Name --
001Qy000029n9urIAA,failed,REQUIRED_FIELD_MISSING:Required fields are missing: [Name]:Name --
001Qy000029n9usIAA,failed,REQUIRED_FIELD_MISSING:Required fields are missing: [Name]:Name --
001Qy000029n9utIAA,failed,REQUIRED_FIELD_MISSING:Required fields are missing: [Name]:Name --
001Qy000029n9uuIAA,failed,REQUIRED_FIELD_MISSING:Required fields are missing: [Name]:Name --
001Qy000029n9uvIAA,failed,REQUIRED_FIELD_MISSING:Required fields are missing: [Name]:Name --
001Qy000029n9uwIAA,failed,REQUIRED_FIELD_MISSING:Required fields are missing: [Name]:Name --
001Qy000029n9uxIAA,failed,REQUIRED_FIELD_MISSING:Required fields are missing: [Name]:Name --
001Qy000029n9uyIAA,failed,REQUIRED_FIELD_MISSING:Required fields are missing: [Name]:Name --
001Qy000029n9uzIAA,failed,REQUIRED_FIELD_MISSING:Required fields are missing: [Name]:Name --
001Qy000029n9v0IAA,failed,REQUIRED_FIELD_MISSING:Required fields are missing: [Name]:Name --
001Qy000029n9v1IAA,failed,REQUIRED_FIELD_MISSING:Required fields are missing: [Name]:Name --
001Qy000029n9v2IAA,failed,REQUIRED_FIELD_MISSING:Required fields are missing: [Name]:Name --
001Qy000029n9v3IAA,failed,REQUIRED_FIELD_MISSING:Required fields are missing: [Name]:Name --
001Qy000029n9v4IAA,failed,REQUIRED_FIELD_MISSING:Required fields are missing: [Name]:Name --
001Qy000029n9v5IAA,failed,REQUIRED_FIELD_MISSING:Required fields are missing: [Name]:Name --
001Qy000029n9v6IAA,failed,REQUIRED_FIELD_MISSING:Required fields are missing: [Name]:Name --
001Qy000029n9v7IAA,failed,REQUIRED_FIELD_MISSING:Required fields are missing: [Name]:Name --
001Qy000029n9v8IAA,failed,REQUIRED_FIELD_MISSING:Required fields are missing: [Name]:Name --
001Qy000029n9v9IAA,failed,REQUIRED_FIELD_MISSING:Required fields are missing: [Name]:Name --
001Qy000029n9vAIAQ,failed,REQUIRED_FIELD_MISSING:Required fields are missing: [Name]:Name --
001Qy000029nOUPIA2,failed,REQUIRED_FIELD_MISSING:Required fields are missing: [Name]:Name --
001Qy000029nOUQIA2,failed,REQUIRED_FIELD_MISSING:Required fields are missing: [Name]:Name --
001Qy000029nOURIA2,failed,REQUIRED_FIELD_MISSING:Required fields are missing: [Name]:Name --
001Qy000029nOUSIA2,failed,REQUIRED_FIELD_MISSING:Required fields are missing: [Name]:Name --
001Qy000029nOUTIA2,failed,REQUIRED_FIELD_MISSING:Required fields are missing: [Name]:Name --
001Qy000029nOUUIA2,failed,REQUIRED_FIELD_MISSING:Required fields are missing: [Name]:Name --
001Qy000029nOUVIA2,failed,REQUIRED_FIELD_MISSING:Required fields are missing: [Name]:Name --
001Qy000029nOUWIA2,failed,REQUIRED_FIELD_MISSING:Required fields are missing: [Name]:Name --
001Qy000029nOUXIA2,failed,REQUIRED_FIELD_MISSING:Required fields are missing: [Name]:Name --
001Qy000029nOUYIA2,failed,REQUIRED_FIELD_MISSING:Required fields are missing: [Name]:Name --
001Qy000029nUefIAE,failed,REQUIRED_FIELD_MISSING:Required fields are missing: [Name]:Name --
001Qy000029nUegIAE,failed,REQUIRED_FIELD_MISSING:Required fields are missing: [Name]:Name --
001Qy000029nUehIAE,failed,REQUIRED_FIELD_MISSING:Required fields are missing: [Name]:Name --
001Qy000029nUeiIAE,failed,REQUIRED_FIELD_MISSING:Required fields are missing: [Name]:Name --
001Qy000029nUejIAE,failed,REQUIRED_FIELD_MISSING:Required fields are missing: [Name]:Name --
001Qy000029nUekIAE,failed,REQUIRED_FIELD_MISSING:Required fields are missing: [Name]:Name --
001Qy000029nUelIAE,failed,REQUIRED_FIELD_MISSING:Required fields are missing: [Name]:Name --
001Qy000029nUemIAE,failed,REQUIRED_FIELD_MISSING:Required fields are missing: [Name]:Name --
001Qy000029nUenIAE,failed,REQUIRED_FIELD_MISSING:Required fields are missing: [Name]:Name --
001Qy000029nUeoIAE,failed,REQUIRED_FIELD_MISSING:Required fields are missing: [Name]:Name --
001Qy000029nUepIAE,failed,REQUIRED_FIELD_MISSING:Required fields are missing: [Name]:Name --
001Qy000029nUeqIAE,failed,REQUIRED_FIELD_MISSING:Required fields are missing: [Name]:Name --
001Qy000029nUerIAE,failed,REQUIRED_FIELD_MISSING:Required fields are missing: [Name]:Name --
001Qy000029nUesIAE,failed,REQUIRED_FIELD_MISSING:Required fields are missing: [Name]:Name --
001Qy000029nUetIAE,failed,REQUIRED_FIELD_MISSING:Required fields are missing: [Name]:Name --
001Qy000029nUeuIAE,failed,REQUIRED_FIELD_MISSING:Required fields are missing: [Name]:Name --
001Qy000029nUevIAE,failed,REQUIRED_FIELD_MISSING:Required fields are missing: [Name]:Name --
001Qy000029nUewIAE,failed,REQUIRED_FIELD_MISSING:Required fields are missing: [Name]:Name --
001Qy000029nUexIAE,failed,REQUIRED_FIELD_MISSING:Required fields are missing: [Name]:Name --
001Qy000029nUeyIAE,failed,REQUIRED_FIELD_MISSING:Required fields are missing: [Name]:Name --
001Qy000029nUezIAE,failed,REQUIRED_FIELD_MISSING:Required fields are missing: [Name]:Name --
001Qy000029nUf0IAE,failed,REQUIRED_FIELD_MISSING:Required fields are missing: [Name]:Name --
001Qy000029nUf1IAE,failed,REQUIRED_FIELD_MISSING:Required fields are missing: [Name]:Name --
001Qy000029nUf2IAE,failed,REQUIRED_FIELD_MISSING:Required fields are missing: [Name]:Name --
001Qy000029nUf3IAE,failed,REQUIRED_FIELD_MISSING:Required fields are missing: [Name]:Name --
001Qy000029nUf4IAE,failed,REQUIRED_FIELD_MISSING:Required fields are missing: [Name]:Name --
001Qy000029nUf5IAE,failed,REQUIRED_FIELD_MISSING:Required fields are missing: [Name]:Name --
001Qy000029nUf6IAE,failed,REQUIRED_FIELD_MISSING:Required fields are missing: [Name]:Name --
001Qy000029nUf7IAE,failed,REQUIRED_FIELD_MISSING:Required fields are missing: [Name]:Name --
001Qy000029nUf8IAE,failed,REQUIRED_FIELD_MISSING:Required fields are missing: [Name]:Name --
001Qy000029nUf9IAE,failed,REQUIRED_FIELD_MISSING:Required fields are missing: [Name]:Name --
001Qy000029nUfAIAU,failed,REQUIRED_FIELD_MISSING:Required fields are missing: [Name]:Name --
001Qy000029nUfBIAU,failed,REQUIRED_FIELD_MISSING:Required fields are missing: [Name]:Name --
001Qy000029nUfCIAU,failed,REQUIRED_FIELD_MISSING:Required fields are missing: [Name]:Name --
001Qy000029nUfDIAU,failed,REQUIRED_FIELD_MISSING:Required fields are missing: [Name]:Name --
001Qy000029nUfEIAU,failed,REQUIRED_FIELD_MISSING:Required fields are missing: [Name]:Name --
001Qy000029nUfFIAU,failed,REQUIRED_FIELD_MISSING:Required fields are missing: [Name]:Name --
001Qy000029nUfGIAU,failed,REQUIRED_FIELD_MISSING:Required fields are missing: [Name]:Name --
001Qy000029nUfHIAU,failed,REQUIRED_FIELD_MISSING:Required fields are missing: [Name]:Name --
001Qy000029nUfIIAU,failed,REQUIRED_FIELD_MISSING:Required fields are missing: [Name]:Name --
001Qy000029nUfJIAU,failed,REQUIRED_FIELD_MISSING:Required fields are missing: [Name]:Name --
001Qy000029nUfKIAU,failed,REQUIRED_FIELD_MISSING:Required fields are missing: [Name]:Name --
001Qy000029nUfLIAU,failed,REQUIRED_FIELD_MISSING:Required fields are missing: [Name]:Name --
001Qy000029nUfMIAU,failed,REQUIRED_FIELD_MISSING:Required fields are missing: [Name]:Name --
001Qy000029nUfNIAU,failed,REQUIRED_FIELD_MISSING:Required fields are missing: [Name]:Name --
001Qy000029nUfOIAU,failed,REQUIRED_FIELD_MISSING:Required fields are missing: [Name]:Name --
001Qy000029nUfPIAU,failed,REQUIRED_FIELD_MISSING:Required fields are missing: [Name]:Name --
001Qy000029nUfQIAU,failed,REQUIRED_FIELD_MISSING:Required fields are missing: [Name]:Name --
001Qy000029nUfRIAU,failed,REQUIRED_FIELD_MISSING:Required fields are missing: [Name]:Name --
001Qy000029nUfSIAU,failed,REQUIRED_FIELD_MISSING:Required fields are missing: [Name]:Name --
001Qy000029nUfTIAU,failed,REQUIRED_FIELD_MISSING:Required fields are missing: [Name]:Name --
001Qy000029nUfUIAU,failed,REQUIRED_FIELD_MISSING:Required fields are missing: [Name]:Name --
001Qy000029nUfVIAU,failed,REQUIRED_FIELD_MISSING:Required fields are missing: [Name]:Name --
001Qy000029nUfWIAU,failed,REQUIRED_FIELD_MISSING:Required fields are missing: [Name]:Name --
001Qy000029nUfXIAU,failed,REQUIRED_FIELD_MISSING:Required fields are missing: [Name]:Name --
001Qy000029nUfYIAU,failed,REQUIRED_FIELD_MISSING:Required fields are missing: [Name]:Name --
001Qy000029nUfZIAU,failed,REQUIRED_FIELD_MISSING:Required fields are missing: [Name]:Name --
001Qy000029nUfaIAE,failed,REQUIRED_FIELD_MISSING:Required fields are missing: [Name]:Name --
001Qy000029nUfbIAE,failed,REQUIRED_FIELD_MISSING:Required fields are missing: [Name]:Name --
001Qy000029nUfcIAE,failed,REQUIRED_FIELD_MISSING:Required fields are missing: [Name]:Name --
001Qy000029nUfdIAE,failed,REQUIRED_FIELD_MISSING:Required fields are missing: [Name]:Name --
001Qy000029nUfeIAE,failed,REQUIRED_FIELD_MISSING:Required fields are missing: [Name]:Name --
001Qy000029nUffIAE,failed,REQUIRED_FIELD_MISSING:Required fields are missing: [Name]:Name --
001Qy000029nUfgIAE,failed,REQUIRED_FIELD_MISSING:Required fields are missing: [Name]:Name --
001Qy000029nUfhIAE,failed,REQUIRED_FIELD_MISSING:Required fields are missing: [Name]:Name --
001Qy000029nUfiIAE,failed,REQUIRED_FIELD_MISSING:Required fields are missing: [Name]:Name --
001Qy000029nUfjIAE,failed,REQUIRED_FIELD_MISSING:Required fields are missing: [Name]:Name --
001Qy000029nUfkIAE,failed,REQUIRED_FIELD_MISSING:Required fields are missing: [Name]:Name --
001Qy000029nUflIAE,failed,REQUIRED_FIELD_MISSING:Required fields are missing: [Name]:Name --
001Qy000029nUfmIAE,failed,REQUIRED_FIELD_MISSING:Required fields are missing: [Name]:Name --
001Qy000029nUfnIAE,failed,REQUIRED_FIELD_MISSING:Required fields are missing: [Name]:Name --
001Qy000029nUfoIAE,failed,REQUIRED_FIELD_MISSING:Required fields are missing: [Name]:Name --
001Qy000029nUfpIAE,failed,REQUIRED_FIELD_MISSING:Required fields are missing: [Name]:Name --
001Qy000029nUfqIAE,failed,REQUIRED_FIELD_MISSING:Required fields are missing: [Name]:Name --
001Qy000029nUfrIAE,failed,REQUIRED_FIELD_MISSING:Required fields are missing: [Name]:Name --
001Qy000029nUfsIAE,failed,REQUIRED_FIELD_MISSING:Required fields are missing: [Name]:Name --
001Qy000029nUftIAE,failed,REQUIRED_FIELD_MISSING:Required fields are missing: [Name]:Name --
001Qy000029nUfuIAE,failed,REQUIRED_FIELD_MISSING:Required fields are missing: [Name]:Name --
001Qy000029nUfvIAE,failed,REQUIRED_FIELD_MISSING:Required fields are missing: [Name]:Name --
001Qy000029nUfwIAE,failed,REQUIRED_FIELD_MISSING:Required fields are missing: [Name]:Name --
001Qy000029nUfxIAE,failed,REQUIRED_FIELD_MISSING:Required fields are missing: [Name]:Name --
001Qy000029nUfyIAE,failed,REQUIRED_FIELD_MISSING:Required fields are missing: [Name]:Name --
001Qy000029nUfzIAE,failed,REQUIRED_FIELD_MISSING:Required fields are missing: [Name]:Name --
001Qy000029nUg0IAE,failed,REQUIRED_FIELD_MISSING:Required fields are missing: [Name]:Name --
001Qy000029nUg1IAE,failed,REQUIRED_FIELD_MISSING:Required fields are missing: [Name]:Name --
001Qy000029nUg2IAE,failed,REQUIRED_FIELD_MISSING:Required fields are missing: [Name]:Name --
001Qy000029nUg3IAE,failed,REQUIRED_FIELD_MISSING:Required fields are missing: [Name]:Name --
001Qy000029nUg4IAE,failed,REQUIRED_FIELD_MISSING:Required fields are missing: [Name]:Name --
001Qy000029nUg5IAE,failed,REQUIRED_FIELD_MISSING:Required fields are missing: [Name]:Name --
001Qy000029nUg6IAE,failed,REQUIRED_FIELD_MISSING:Required fields are missing: [Name]:Name --
001Qy000029nUg7IAE,failed,REQUIRED_FIELD_MISSING:Required fields are missing: [Name]:Name --
001Qy000029nUg8IAE,failed,REQUIRED_FIELD_MISSING:Required fields are missing: [Name]:Name --
001Qy000029nUg9IAE,failed,REQUIRED_FIELD_MISSING:Required fields are missing: [Name]:Name --
001Qy000029nUgAIAU,failed,REQUIRED_FIELD_MISSING:Required fields are missing: [Name]:Name --
001Qy000029nUgBIAU,failed,REQUIRED_FIELD_MISSING:Required fields are missing: [Name]:Name --
001Qy000029nUgCIAU,failed,REQUIRED_FIELD_MISSING:Required fields are missing: [Name]:Name --
001Qy000029nUgDIAU,failed,REQUIRED_FIELD_MISSING:Required fields are missing: [Name]:Name --
001Qy000029nUgEIAU,failed,REQUIRED_FIELD_MISSING:Required fields are missing: [Name]:Name --
001Qy000029nUgFIAU,failed,REQUIRED_FIELD_MISSING:Required fields are missing: [Name]:Name --
001Qy000029nUgGIAU,failed,REQUIRED_FIELD_MISSING:Required fields are missing: [Name]:Name --
001Qy000029nUgHIAU,failed,REQUIRED_FIELD_MISSING:Required fields are missing: [Name]:Name --
001Qy000029nUgIIAU,failed,REQUIRED_FIELD_MISSING:Required fields are missing: [Name]:Name --
001Qy000029nUgJIAU,failed,REQUIRED_FIELD_MISSING:Required fields are missing: [Name]:Name --
001Qy000029nUgKIAU,failed,REQUIRED_FIELD_MISSING:Required fields are missing: [Name]:Name --
001Qy000029nUgLIAU,failed,REQUIRED_FIELD_MISSING:Required fields are missing: [Name]:Name --
001Qy000029nUgMIAU,failed,REQUIRED_FIELD_MISSING:Required fields are missing: [Name]:Name --
001Qy000029nUy1IAE,failed,REQUIRED_FIELD_MISSING:Required fields are missing: [Name]:Name --
001Qy000029nUy2IAE,failed,REQUIRED_FIELD_MISSING:Required fields are missing: [Name]:Name --
001Qy000029nUy3IAE,failed,REQUIRED_FIELD_MISSING:Required fields are missing: [Name]:Name --
001Qy000029nUy4IAE,failed,REQUIRED_FIELD_MISSING:Required fields are missing: [Name]:Name --
001Qy000029nUy5IAE,failed,REQUIRED_FIELD_MISSING:Required fields are missing: [Name]:Name --
001Qy000029nUy6IAE,failed,REQUIRED_FIELD_MISSING:Required fields are missing: [Name]:Name --
001Qy000029nUy7IAE,failed,REQUIRED_FIELD_MISSING:Required fields are missing: [Name]:Name --
001Qy000029nUy8IAE,failed,REQUIRED_FIELD_MISSING:Required fields are missing: [Name]:Name --
001Qy000029nUy9IAE,failed,REQUIRED_FIELD_MISSING:Required fields are missing: [Name]:Name --
001Qy000029nUyAIAU,failed,REQUIRED_FIELD_MISSING:Required fields are missing: [Name]:Name --
001Qy000029nUyBIAU,failed,REQUIRED_FIELD_MISSING:Required fields are missing: [Name]:Name --
001Qy000029nUyCIAU,failed,REQUIRED_FIELD_MISSING:Required fields are missing: [Name]:Name --
001Qy000029nUyDIAU,failed,REQUIRED_FIELD_MISSING:Required fields are missing: [Name]:Name --
001Qy000029nUyEIAU,failed,REQUIRED_FIELD_MISSING:Required fields are missing: [Name]:Name --
001Qy000029nUyFIAU,failed,REQUIRED_FIELD_MISSING:Required fields are missing: [Name]:Name --
001Qy000029nUyGIAU,failed,REQUIRED_FIELD_MISSING:Required fields are missing: [Name]:Name --
001Qy000029nUyHIAU,failed,REQUIRED_FIELD_MISSING:Required fields are missing: [Name]:Name --
001Qy000029nUyIIAU,failed,REQUIRED_FIELD_MISSING:Required fields are missing: [Name]:Name --
001Qy000029nUyJIAU,failed,REQUIRED_FIELD_MISSING:Required fields are missing: [Name]:Name --
001Qy000029nUyKIAU,failed,REQUIRED_FIELD_MISSING:Required fields are missing: [Name]:Name --
001Qy000029nUyLIAU,failed,REQUIRED_FIELD_MISSING:Required fields are missing: [Name]:Name --
001Qy000029nUyMIAU,failed,REQUIRED_FIELD_MISSING:Required fields are missing: [Name]:Name --
001Qy000029nUyNIAU,failed,REQUIRED_FIELD_MISSING:Required fields are missing: [Name]:Name --
001Qy000029nUyOIAU,failed,REQUIRED_FIELD_MISSING:Required fields are missing: [Name]:Name --
001Qy000029nUyPIAU,failed,REQUIRED_FIELD_MISSING:Required fields are missing: [Name]:Name --
001Qy000029nUyQIAU,failed,REQUIRED_FIELD_MISSING:Required fields are missing: [Name]:Name --
001Qy000029nUyRIAU,failed,REQUIRED_FIELD_MISSING:Required fields are missing: [Name]:Name --
001Qy000029nUySIAU,failed,REQUIRED_FIELD_MISSING:Required fields are missing: [Name]:Name --
001Qy000029nUyTIAU,failed,REQUIRED_FIELD_MISSING:Required fields are missing: [Name]:Name --
001Qy000029nUyUIAU,failed,REQUIRED_FIELD_MISSING:Required fields are missing: [Name]:Name --
001Qy000029nUyVIAU,failed,REQUIRED_FIELD_MISSING:Required fields are missing: [Name]:Name --
001Qy000029nUyWIAU,failed,REQUIRED_FIELD_MISSING:Required fields are missing: [Name]:Name --
001Qy000029nUyXIAU,failed,REQUIRED_FIELD_MISSING:Required fields are missing: [Name]:Name --
001Qy000029nUyYIAU,failed,REQUIRED_FIELD_MISSING:Required fields are missing: [Name]:Name --
001Qy000029nUyZIAU,failed,REQUIRED_FIELD_MISSING:Required fields are missing: [Name]:Name --
001Qy000029nUyaIAE,failed,REQUIRED_FIELD_MISSING:Required fields are missing: [Name]:Name --
001Qy000029nUybIAE,failed,REQUIRED_FIELD_MISSING:Required fields are missing: [Name]:Name --
001Qy000029nUycIAE,failed,REQUIRED_FIELD_MISSING:Required fields are missing: [Name]:Name --
001Qy000029nUydIAE,failed,REQUIRED_FIELD_MISSING:Required fields are missing: [Name]:Name --
001Qy000029nUyeIAE,failed,REQUIRED_FIELD_MISSING:Required fields are missing: [Name]:Name --
001Qy000029nUyfIAE,failed,REQUIRED_FIELD_MISSING:Required fields are missing: [Name]:Name --
001Qy000029nUygIAE,failed,REQUIRED_FIELD_MISSING:Required fields are missing: [Name]:Name --
001Qy000029nUyhIAE,failed,REQUIRED_FIELD_MISSING:Required fields are missing: [Name]:Name --
001Qy000029nUyiIAE,failed,REQUIRED_FIELD_MISSING:Required fields are missing: [Name]:Name --
001Qy000029nUyjIAE,failed,REQUIRED_FIELD_MISSING:Required fields are missing: [Name]:Name --
001Qy000029nUykIAE,failed,REQUIRED_FIELD_MISSING:Required fields are missing: [Name]:Name --
001Qy000029nUylIAE,failed,REQUIRED_FIELD_MISSING:Required fields are missing: [Name]:Name --
001Qy000029nUymIAE,failed,REQUIRED_FIELD_MISSING:Required fields are missing: [Name]:Name --
001Qy000029nUynIAE,failed,REQUIRED_FIELD_MISSING:Required fields are missing: [Name]:Name --
001Qy000029nUyoIAE,failed,REQUIRED_FIELD_MISSING:Required fields are missing: [Name]:Name --
001Qy000029nUypIAE,failed,REQUIRED_FIELD_MISSING:Required fields are missing: [Name]:Name --
001Qy000029nUyqIAE,failed,REQUIRED_FIELD_MISSING:Required fields are missing: [Name]:Name --
001Qy000029nUyrIAE,failed,REQUIRED_FIELD_MISSING:Required fields are missing: [Name]:Name --
001Qy000029nUysIAE,failed,REQUIRED_FIELD_MISSING:Required fields are missing: [Name]:Name --
001Qy000029nUytIAE,failed,REQUIRED_FIELD_MISSING:Required fields are missing: [Name]:Name --
001Qy000029nUyuIAE,failed,REQUIRED_FIELD_MISSING:Required fields are missing: [Name]:Name --
001Qy000029nUyvIAE,failed,REQUIRED_FIELD_MISSING:Required fields are missing: [Name]:Name --
001Qy000029nUywIAE,failed,REQUIRED_FIELD_MISSING:Required fields are missing: [Name]:Name --
001Qy000029nUyxIAE,failed,REQUIRED_FIELD_MISSING:Required fields are missing: [Name]:Name --
001Qy000029nUyyIAE,failed,REQUIRED_FIELD_MISSING:Required fields are missing: [Name]:Name --
001Qy000029nUyzIAE,failed,REQUIRED_FIELD_MISSING:Required fields are missing: [Name]:Name --
001Qy000029nUz0IAE,failed,REQUIRED_FIELD_MISSING:Required fields are missing: [Name]:Name --
001Qy000029nUz1IAE,failed,REQUIRED_FIELD_MISSING:Required fields are missing: [Name]:Name --
001Qy000029nUz2IAE,failed,REQUIRED_FIELD_MISSING:Required fields are missing: [Name]:Name --
001Qy000029nUz3IAE,failed,REQUIRED_FIELD_MISSING:Required fields are missing: [Name]:Name --
001Qy000029nUz4IAE,failed,REQUIRED_FIELD_MISSING:Required fields are missing: [Name]:Name --
001Qy000029nUz5IAE,failed,REQUIRED_FIELD_MISSING:Required fields are missing: [Name]:Name --
001Qy000029nUz6IAE,failed,REQUIRED_FIELD_MISSING:Required fields are missing: [Name]:Name --
001Qy000029nUz7IAE,failed,REQUIRED_FIELD_MISSING:Required fields are missing: [Name]:Name --
001Qy000029nUz8IAE,failed,REQUIRED_FIELD_MISSING:Required fields are missing: [Name]:Name --
001Qy000029nUz9IAE,failed,REQUIRED_FIELD_MISSING:Required fields are missing: [Name]:Name --
001Qy000029nUzAIAU,failed,REQUIRED_FIELD_MISSING:Required fields are missing: [Name]:Name --
001Qy000029nUzBIAU,failed,REQUIRED_FIELD_MISSING:Required fields are missing: [Name]:Name --
001Qy000029nUzCIAU,failed,REQUIRED_FIELD_MISSING:Required fields are missing: [Name]:Name --
001Qy000029nUzDIAU,failed,REQUIRED_FIELD_MISSING:Required fields are missing: [Name]:Name --
001Qy000029nUzEIAU,failed,REQUIRED_FIELD_MISSING:Required fields are missing: [Name]:Name --
001Qy000029nUzFIAU,failed,REQUIRED_FIELD_MISSING:Required fields are missing: [Name]:Name --
001Qy000029nUzGIAU,failed,REQUIRED_FIELD_MISSING:Required fields are missing: [Name]:Name --
001Qy000029nUzHIAU,failed,REQUIRED_FIELD_MISSING:Required fields are missing: [Name]:Name --
001Qy000029nUzIIAU,failed,REQUIRED_FIELD_MISSING:Required fields are missing: [Name]:Name --
001Qy000029nUzJIAU,failed,REQUIRED_FIELD_MISSING:Required fields are missing: [Name]:Name --
001Qy000029nUzKIAU,failed,REQUIRED_FIELD_MISSING:Required fields are missing: [Name]:Name --
001Qy000029nUzLIAU,failed,REQUIRED_FIELD_MISSING:Required fields are missing: [Name]:Name --
001Qy000029nUzMIAU,failed,REQUIRED_FIELD_MISSING:Required fields are missing: [Name]:Name --
001Qy000029nUzNIAU,failed,REQUIRED_FIELD_MISSING:Required fields are missing: [Name]:Name --
001Qy000029nUzOIAU,failed,REQUIRED_FIELD_MISSING:Required fields are missing: [Name]:Name --
001Qy000029nUzPIAU,failed,REQUIRED_FIELD_MISSING:Required fields are missing: [Name]:Name --
001Qy000029nUzQIAU,failed,REQUIRED_FIELD_MISSING:Required fields are missing: [Name]:Name --
001Qy000029nUzRIAU,failed,REQUIRED_FIELD_MISSING:Required fields are missing: [Name]:Name --
001Qy000029nUzSIAU,failed,REQUIRED_FIELD_MISSING:Required fields are missing: [Name]:Name --
001Qy000029nUzTIAU,failed,REQUIRED_FIELD_MISSING:Required fields are missing: [Name]:Name --
001Qy000029nUzUIAU,failed,REQUIRED_FIELD_MISSING:Required fields are missing: [Name]:Name --
001Qy000029nUzVIAU,failed,REQUIRED_FIELD_MISSING:Required fields are missing: [Name]:Name --
001Qy000029nUzWIAU,failed,REQUIRED_FIELD_MISSING:Required fields are missing: [Name]:Name --
001Qy000029nUzXIAU,failed,REQUIRED_FIELD_MISSING:Required fields are missing: [Name]:Name --
001Qy000029nUzYIAU,failed,REQUIRED_FIELD_MISSING:Required fields are missing: [Name]:Name --
001Qy000029nUzZIAU,failed,REQUIRED_FIELD_MISSING:Required fields are missing: [Name]:Name --
001Qy000029nUzaIAE,failed,REQUIRED_FIELD_MISSING:Required fields are missing: [Name]:Name --
001Qy000029nUzbIAE,failed,REQUIRED_FIELD_MISSING:Required fields are missing: [Name]:Name --
001Qy000029nUzcIAE,failed,REQUIRED_FIELD_MISSING:Required fields are missing: [Name]:Name --
001Qy000029nUzdIAE,failed,REQUIRED_FIELD_MISSING:Required fields are missing: [Name]:Name --
001Qy000029nUzeIAE,failed,REQUIRED_FIELD_MISSING:Required fields are missing: [Name]:Name --
001Qy000029nUzfIAE,failed,REQUIRED_FIELD_MISSING:Required fields are missing: [Name]:Name --
001Qy000029nUzgIAE,failed,REQUIRED_FIELD_MISSING:Required fields are missing: [Name]:Name --
001Qy000029nUzhIAE,failed,REQUIRED_FIELD_MISSING:Required fields are missing: [Name]:Name --
001Qy000029nUziIAE,failed,REQUIRED_FIELD_MISSING:Required fields are missing: [Name]:Name --
001Qy000029nUzjIAE,failed,REQUIRED_FIELD_MISSING:Required fields are missing: [Name]:Name --
001Qy000029nUzkIAE,failed,REQUIRED_FIELD_MISSING:Required fields are missing: [Name]:Name --
001Qy000029nUzlIAE,failed,REQUIRED_FIELD_MISSING:Required fields are missing: [Name]:Name --
001Qy000029nUzmIAE,failed,REQUIRED_FIELD_MISSING:Required fields are missing: [Name]:Name --
001Qy000029nUznIAE,failed,REQUIRED_FIELD_MISSING:Required fields are missing: [Name]:Name --
001Qy000029nUzoIAE,failed,REQUIRED_FIELD_MISSING:Required fields are missing: [Name]:Name --
001Qy000029nUzpIAE,failed,REQUIRED_FIELD_MISSING:Required fields are missing: [Name]:Name --
001Qy000029nUzqIAE,failed,REQUIRED_FIELD_MISSING:Required fields are missing: [Name]:Name --
001Qy000029nUzrIAE,failed,REQUIRED_FIELD_MISSING:Required fields are missing: [Name]:Name --
001Qy000029nUzsIAE,failed,REQUIRED_FIELD_MISSING:Required fields are missing: [Name]:Name --
001Qy000029nUztIAE,failed,REQUIRED_FIELD_MISSING:Required fields are missing: [Name]:Name --
001Qy000029nUzuIAE,failed,REQUIRED_FIELD_MISSING:Required fields are missing: [Name]:Name --
001Qy000029nUzvIAE,failed,REQUIRED_FIELD_MISSING:Required fields are missing: [Name]:Name --
001Qy000029nUzwIAE,failed,REQUIRED_FIELD_MISSING:Required fields are missing: [Name]:Name --
001Qy000029nUzxIAE,failed,REQUIRED_FIELD_MISSING:Required fields are missing: [Name]:Name --
001Qy000029nUzyIAE,failed,REQUIRED_FIELD_MISSING:Required fields are missing: [Name]:Name --
001Qy000029nUzzIAE,failed,REQUIRED_FIELD_MISSING:Required fields are missing: [Name]:Name --
001Qy000029nV00IAE,failed,REQUIRED_FIELD_MISSING:Required fields are missing: [Name]:Name --
001Qy000029nV01IAE,failed,REQUIRED_FIELD_MISSING:Required fields are missing: [Name]:Name --
001Qy000029nV02IAE,failed,REQUIRED_FIELD_MISSING:Required fields are missing: [Name]:Name --
001Qy000029nV03IAE,failed,REQUIRED_FIELD_MISSING:Required fields are missing: [Name]:Name --
001Qy000029nV04IAE,failed,REQUIRED_FIELD_MISSING:Required fields are missing: [Name]:Name --
001Qy000029nV05IAE,failed,REQUIRED_FIELD_MISSING:Required fields are missing: [Name]:Name --
001Qy000029nV06IAE,failed,REQUIRED_FIELD_MISSING:Required fields are missing: [Name]:Name --
001Qy000029nV07IAE,failed,REQUIRED_FIELD_MISSING:Required fields are missing: [Name]:Name --
001Qy000029nV08IAE,failed,REQUIRED_FIELD_MISSING:Required fields are missing: [Name]:Name --
001Qy000029nV09IAE,failed,REQUIRED_FIELD_MISSING:Required fields are missing: [Name]:Name --
001Qy000029nV0AIAU,failed,REQUIRED_FIELD_MISSING:Required fields are missing: [Name]:Name --
001Qy000029nV0BIAU,failed,REQUIRED_FIELD_MISSING:Required fields are missing: [Name]:Name --
001Qy000029nV0CIAU,failed,REQUIRED_FIELD_MISSING:Required fields are missing: [Name]:Name --
001Qy000029nV0DIAU,failed,REQUIRED_FIELD_MISSING:Required fields are missing: [Name]:Name --
001Qy000029nV0EIAU,failed,REQUIRED_FIELD_MISSING:Required fields are missing: [Name]:Name --
001Qy000029nV0FIAU,failed,REQUIRED_FIELD_MISSING:Required fields are missing: [Name]:Name --
001Qy000029nV0GIAU,failed,REQUIRED_FIELD_MISSING:Required fields are missing: [Name]:Name --
001Qy000029nV0HIAU,failed,REQUIRED_FIELD_MISSING:Required fields are missing: [Name]:Name --
001Qy000029nV0IIAU,failed,REQUIRED_FIELD_MISSING:Required fields are missing: [Name]:Name --
001Qy000029nV0JIAU,failed,REQUIRED_FIELD_MISSING:Required fields are missing: [Name]:Name --
001Qy000029nV0KIAU,failed,REQUIRED_FIELD_MISSING:Required fields are missing: [Name]:Name --
001Qy000029nV0LIAU,failed,REQUIRED_FIELD_MISSING:Required fields are missing: [Name]:Name --
001Qy000029nV0MIAU,failed,REQUIRED_FIELD_MISSING:Required fields are missing: [Name]:Name --
001Qy000029nV0NIAU,failed,REQUIRED_FIELD_MISSING:Required fields are missing: [Name]:Name --
001Qy000029nV0OIAU,failed,REQUIRED_FIELD_MISSING:Required fields are missing: [Name]:Name --
001Qy000029nV0PIAU,failed,REQUIRED_FIELD_MISSING:Required fields are missing: [Name]:Name --
001Qy000029nV0QIAU,failed,REQUIRED_FIELD_MISSING:Required fields are missing: [Name]:Name --
001Qy000029nV0RIAU,failed,REQUIRED_FIELD_MISSING:Required fields are missing: [Name]:Name --
001Qy000029nV0SIAU,failed,REQUIRED_FIELD_MISSING:Required fields are missing: [Name]:Name --
001Qy000029nV0TIAU,failed,REQUIRED_FIELD_MISSING:Required fields are missing: [Name]:Name --
001Qy000029nV0UIAU,failed,REQUIRED_FIELD_MISSING:Required fields are missing: [Name]:Name --
001Qy000029nV0VIAU,failed,REQUIRED_FIELD_MISSING:Required fields are missing: [Name]:Name --
001Qy000029nV0WIAU,failed,REQUIRED_FIELD_MISSING:Required fields are missing: [Name]:Name --
001Qy000029nV0XIAU,failed,REQUIRED_FIELD_MISSING:Required fields are missing: [Name]:Name --
001Qy000029nV0YIAU,failed,REQUIRED_FIELD_MISSING:Required fields are missing: [Name]:Name --
001Qy000029nV0ZIAU,failed,REQUIRED_FIELD_MISSING:Required fields are missing: [Name]:Name --
001Qy000029nV0aIAE,failed,REQUIRED_FIELD_MISSING:Required fields are missing: [Name]:Name --
001Qy000029nV0bIAE,failed,REQUIRED_FIELD_MISSING:Required fields are missing: [Name]:Name --
001Qy000029nV0cIAE,failed,REQUIRED_FIELD_MISSING:Required fields are missing: [Name]:Name --
001Qy000029nV0dIAE,failed,REQUIRED_FIELD_MISSING:Required fields are missing: [Name]:Name --
001Qy000029nV0eIAE,failed,REQUIRED_FIELD_MISSING:Required fields are missing: [Name]:Name --
001Qy000029nV0fIAE,failed,REQUIRED_FIELD_MISSING:Required fields are missing: [Name]:Name --
001Qy000029nV0gIAE,failed,REQUIRED_FIELD_MISSING:Required fields are missing: [Name]:Name --
001Qy000029nV0hIAE,failed,REQUIRED_FIELD_MISSING:Required fields are missing: [Name]:Name --
001Qy000029nV0iIAE,failed,REQUIRED_FIELD_MISSING:Required fields are missing: [Name]:Name --
001Qy000029nV0jIAE,failed,REQUIRED_FIELD_MISSING:Required fields are missing: [Name]:Name --
001Qy000029nV0kIAE,failed,REQUIRED_FIELD_MISSING:Required fields are missing: [Name]:Name --
001Qy000029nV0lIAE,failed,REQUIRED_FIELD_MISSING:Required fields are missing: [Name]:Name --
001Qy000029nV0mIAE,failed,REQUIRED_FIELD_MISSING:Required fields are missing: [Name]:Name --
001Qy000029nV0nIAE,failed,REQUIRED_FIELD_MISSING:Required fields are missing: [Name]:Name --
001Qy000029nV0oIAE,failed,REQUIRED_FIELD_MISSING:Required fields are missing: [Name]:Name --
001Qy000029nV0pIAE,failed,REQUIRED_FIELD_MISSING:Required fields are missing: [Name]:Name --
001Qy000029nV0qIAE,failed,REQUIRED_FIELD_MISSING:Required fields are missing: [Name]:Name --
001Qy000029nV0rIAE,failed,REQUIRED_FIELD_MISSING:Required fields are missing: [Name]:Name --
001Qy000029nV0sIAE,failed,REQUIRED_FIELD_MISSING:Required fields are missing: [Name]:Name --
001Qy000029nV0tIAE,failed,REQUIRED_FIELD_MISSING:Required fields are missing: [Name]:Name --
001Qy000029nV0uIAE,failed,REQUIRED_FIELD_MISSING:Required fields are missing: [Name]:Name --
001Qy000029nV0vIAE,failed,REQUIRED_FIELD_MISSING:Required fields are missing: [Name]:Name --
001Qy000029nV0wIAE,failed,REQUIRED_FIELD_MISSING:Required fields are missing: [Name]:Name --
001Qy000029nV0xIAE,failed,REQUIRED_FIELD_MISSING:Required fields are missing: [Name]:Name --
001Qy000029nV0yIAE,failed,REQUIRED_FIELD_MISSING:Required fields are missing: [Name]:Name --
001Qy000029nV0zIAE,failed,REQUIRED_FIELD_MISSING:Required fields are missing: [Name]:Name --
001Qy000029nV10IAE,failed,REQUIRED_FIELD_MISSING:Required fields are missing: [Name]:Name --
001Qy000029nV11IAE,failed,REQUIRED_FIELD_MISSING:Required fields are missing: [Name]:Name --
001Qy000029nV12IAE,failed,REQUIRED_FIELD_MISSING:Required fields are missing: [Name]:Name --
001Qy000029nV13IAE,failed,REQUIRED_FIELD_MISSING:Required fields are missing: [Name]:Name --
001Qy000029nV14IAE,failed,REQUIRED_FIELD_MISSING:Required fields are missing: [Name]:Name --
001Qy000029nV15IAE,failed,REQUIRED_FIELD_MISSING:Required fields are missing: [Name]:Name --
001Qy000029nV16IAE,failed,REQUIRED_FIELD_MISSING:Required fields are missing: [Name]:Name --
001Qy000029nV17IAE,failed,REQUIRED_FIELD_MISSING:Required fields are missing: [Name]:Name --
001Qy000029nV18IAE,failed,REQUIRED_FIELD_MISSING:Required fields are missing: [Name]:Name --
001Qy000029nV19IAE,failed,REQUIRED_FIELD_MISSING:Required fields are missing: [Name]:Name --
001Qy000029nV1AIAU,failed,REQUIRED_FIELD_MISSING:Required fields are missing: [Name]:Name --
001Qy000029nV1BIAU,failed,REQUIRED_FIELD_MISSING:Required fields are missing: [Name]:Name --
001Qy000029nV1CIAU,failed,REQUIRED_FIELD_MISSING:Required fields are missing: [Name]:Name --
001Qy000029nV1DIAU,failed,REQUIRED_FIELD_MISSING:Required fields are missing: [Name]:Name --
001Qy000029nV1EIAU,failed,REQUIRED_FIELD_MISSING:Required fields are missing: [Name]:Name --
001Qy000029nV1FIAU,failed,REQUIRED_FIELD_MISSING:Required fields are missing: [Name]:Name --
001Qy000029nV1GIAU,failed,REQUIRED_FIELD_MISSING:Required fields are missing: [Name]:Name --
001Qy000029nV1HIAU,failed,REQUIRED_FIELD_MISSING:Required fields are missing: [Name]:Name --
001Qy000029nV1IIAU,failed,REQUIRED_FIELD_MISSING:Required fields are missing: [Name]:Name --
001Qy000029nV1JIAU,failed,REQUIRED_FIELD_MISSING:Required fields are missing: [Name]:Name --
001Qy000029nV1KIAU,failed,REQUIRED_FIELD_MISSING:Required fields are missing: [Name]:Name --
001Qy000029nV1LIAU,failed,REQUIRED_FIELD_MISSING:Required fields are missing: [Name]:Name --
001Qy000029nV1MIAU,failed,REQUIRED_FIELD_MISSING:Required fields are missing: [Name]:Name --
001Qy000029nV1NIAU,failed,REQUIRED_FIELD_MISSING:Required fields are missing: [Name]:Name --
001Qy000029nV1OIAU,failed,REQUIRED_FIELD_MISSING:Required fields are missing: [Name]:Name --
001Qy000029nV1PIAU,failed,REQUIRED_FIELD_MISSING:Required fields are missing: [Name]:Name --
001Qy000029nV1QIAU,failed,REQUIRED_FIELD_MISSING:Required fields are missing: [Name]:Name --
001Qy000029nV1RIAU,failed,REQUIRED_FIELD_MISSING:Required fields are missing: [Name]:Name --
001Qy000029nV1SIAU,failed,REQUIRED_FIELD_MISSING:Required fields are missing: [Name]:Name --
001Qy000029nV1TIAU,failed,REQUIRED_FIELD_MISSING:Required fields are missing: [Name]:Name --
001Qy000029nV1UIAU,failed,REQUIRED_FIELD_MISSING:Required fields are missing: [Name]:Name --
001Qy000029nV1VIAU,failed,REQUIRED_FIELD_MISSING:Required fields are missing: [Name]:Name --
001Qy000029nV1WIAU,failed,REQUIRED_FIELD_MISSING:Required fields are missing: [Name]:Name --
001Qy000029nV1XIAU,failed,REQUIRED_FIELD_MISSING:Required fields are missing: [Name]:Name --
001Qy000029nV1YIAU,failed,REQUIRED_FIELD_MISSING:Required fields are missing: [Name]:Name --
001Qy000029nV1ZIAU,failed,REQUIRED_FIELD_MISSING:Required fields are missing: [Name]:Name --
001Qy000029nV1aIAE,failed,REQUIRED_FIELD_MISSING:Required fields are missing: [Name]:Name --
001Qy000029nV1bIAE,failed,REQUIRED_FIELD_MISSING:Required fields are missing: [Name]:Name --
001Qy000029nV1cIAE,failed,REQUIRED_FIELD_MISSING:Required fields are missing: [Name]:Name --
001Qy000029nV1dIAE,failed,REQUIRED_FIELD_MISSING:Required fields are missing: [Name]:Name --
001Qy000029nV1eIAE,failed,REQUIRED_FIELD_MISSING:Required fields are missing: [Name]:Name --
001Qy000029nV1fIAE,failed,REQUIRED_FIELD_MISSING:Required fields are missing: [Name]:Name --
001Qy000029nV1gIAE,failed,REQUIRED_FIELD_MISSING:Required fields are missing: [Name]:Name --
001Qy000029nV1hIAE,failed,REQUIRED_FIELD_MISSING:Required fields are missing: [Name]:Name --
001Qy000029nV1iIAE,failed,REQUIRED_FIELD_MISSING:Required fields are missing: [Name]:Name --
001Qy000029nV1jIAE,failed,REQUIRED_FIELD_MISSING:Required fields are missing: [Name]:Name --
001Qy000029nV1kIAE,failed,REQUIRED_FIELD_MISSING:Required fields are missing: [Name]:Name --
001Qy000029nV1lIAE,failed,REQUIRED_FIELD_MISSING:Required fields are missing: [Name]:Name --
001Qy000029nV1mIAE,failed,REQUIRED_FIELD_MISSING:Required fields are missing: [Name]:Name --
001Qy000029nV1nIAE,failed,REQUIRED_FIELD_MISSING:Required fields are missing: [Name]:Name --
001Qy000029nV1oIAE,failed,REQUIRED_FIELD_MISSING:Required fields are missing: [Name]:Name --
001Qy000029nV1pIAE,failed,REQUIRED_FIELD_MISSING:Required fields are missing: [Name]:Name --
001Qy000029nV1qIAE,failed,REQUIRED_FIELD_MISSING:Required fields are missing: [Name]:Name --
001Qy000029nV1rIAE,failed,REQUIRED_FIELD_MISSING:Required fields are missing: [Name]:Name --
001Qy000029nV1sIAE,failed,REQUIRED_FIELD_MISSING:Required fields are missing: [Name]:Name --
001Qy000029nV1tIAE,failed,REQUIRED_FIELD_MISSING:Required fields are missing: [Name]:Name --
001Qy000029nV1uIAE,failed,REQUIRED_FIELD_MISSING:Required fields are missing: [Name]:Name --
001Qy000029nV1vIAE,failed,REQUIRED_FIELD_MISSING:Required fields are missing: [Name]:Name --
001Qy000029nV1wIAE,failed,REQUIRED_FIELD_MISSING:Required fields are missing: [Name]:Name --
001Qy000029nV1xIAE,failed,REQUIRED_FIELD_MISSING:Required fields are missing: [Name]:Name --
001Qy000029nV1yIAE,failed,REQUIRED_FIELD_MISSING:Required fields are missing: [Name]:Name --
001Qy000029nV1zIAE,failed,REQUIRED_FIELD_MISSING:Required fields are missing: [Name]:Name --
001Qy000029nV20IAE,failed,REQUIRED_FIELD_MISSING:Required fields are missing: [Name]:Name --
001Qy000029nV21IAE,failed,REQUIRED_FIELD_MISSING:Required fields are missing: [Name]:Name --
001Qy000029nV22IAE,failed,REQUIRED_FIELD_MISSING:Required fields are missing: [Name]:Name --
001Qy000029nV23IAE,failed,REQUIRED_FIELD_MISSING:Required fields are missing: [Name]:Name --
001Qy000029nV24IAE,failed,REQUIRED_FIELD_MISSING:Required fields are missing: [Name]:Name --
001Qy000029nV25IAE,failed,REQUIRED_FIELD_MISSING:Required fields are missing: [Name]:Name --
001Qy000029nV26IAE,failed,REQUIRED_FIELD_MISSING:Required fields are missing: [Name]:Name --
001Qy000029nV27IAE,failed,REQUIRED_FIELD_MISSING:Required fields are missing: [Name]:Name --
001Qy000029nV28IAE,failed,REQUIRED_FIELD_MISSING:Required fields are missing: [Name]:Name --
001Qy000029nV29IAE,failed,REQUIRED_FIELD_MISSING:Required fields are missing: [Name]:Name --
001Qy000029nV2AIAU,failed,REQUIRED_FIELD_MISSING:Required fields are missing: [Name]:Name --
001Qy000029nV2BIAU,failed,REQUIRED_FIELD_MISSING:Required fields are missing: [Name]:Name --
001Qy000029nV2CIAU,failed,REQUIRED_FIELD_MISSING:Required fields are missing: [Name]:Name --
001Qy000029nV2DIAU,failed,REQUIRED_FIELD_MISSING:Required fields are missing: [Name]:Name --
001Qy000029nV2EIAU,failed,REQUIRED_FIELD_MISSING:Required fields are missing: [Name]:Name --
001Qy000029nV2FIAU,failed,REQUIRED_FIELD_MISSING:Required fields are missing: [Name]:Name --
001Qy000029nV2GIAU,failed,REQUIRED_FIELD_MISSING:Required fields are missing: [Name]:Name --
001Qy000029nV2HIAU,failed,REQUIRED_FIELD_MISSING:Required fields are missing: [Name]:Name --
001Qy000029nV2IIAU,failed,REQUIRED_FIELD_MISSING:Required fields are missing: [Name]:Name --
001Qy000029nV2JIAU,failed,REQUIRED_FIELD_MISSING:Required fields are missing: [Name]:Name --
001Qy000029nV2KIAU,failed,REQUIRED_FIELD_MISSING:Required fields are missing: [Name]:Name --
001Qy000029nV2LIAU,failed,REQUIRED_FIELD_MISSING:Required fields are missing: [Name]:Name --
001Qy000029nV2MIAU,failed,REQUIRED_FIELD_MISSING:Required fields are missing: [Name]:Name --
001Qy000029nV2NIAU,failed,REQUIRED_FIELD_MISSING:Required fields are missing: [Name]:Name --
001Qy000029nV2OIAU,failed,REQUIRED_FIELD_MISSING:Required fields are missing: [Name]:Name --
001Qy000029nV2PIAU,failed,REQUIRED_FIELD_MISSING:Required fields are missing: [Name]:Name --
001Qy000029nV2QIAU,failed,REQUIRED_FIELD_MISSING:Required fields are missing: [Name]:Name --
001Qy000029nV2RIAU,failed,REQUIRED_FIELD_MISSING:Required fields are missing: [Name]:Name --
001Qy000029nV2SIAU,failed,REQUIRED_FIELD_MISSING:Required fields are missing: [Name]:Name --
001Qy000029nV2TIAU,failed,REQUIRED_FIELD_MISSING:Required fields are missing: [Name]:Name --
001Qy000029nV2UIAU,failed,REQUIRED_FIELD_MISSING:Required fields are missing: [Name]:Name --
001Qy000029nV2VIAU,failed,REQUIRED_FIELD_MISSING:Required fields are missing: [Name]:Name --
001Qy000029nV2WIAU,failed,REQUIRED_FIELD_MISSING:Required fields are missing: [Name]:Name --
001Qy000029nV2XIAU,failed,REQUIRED_FIELD_MISSING:Required fields are missing: [Name]:Name --
001Qy000029nV2YIAU,failed,REQUIRED_FIELD_MISSING:Required fields are missing: [Name]:Name --
001Qy000029nV2ZIAU,failed,REQUIRED_FIELD_MISSING:Required fields are missing: [Name]:Name --
001Qy000029nV2aIAE,failed,REQUIRED_FIELD_MISSING:Required fields are missing: [Name]:Name --
001Qy000029nV2bIAE,failed,REQUIRED_FIELD_MISSING:Required fields are missing: [Name]:Name --
001Qy000029nV2cIAE,failed,REQUIRED_FIELD_MISSING:Required fields are missing: [Name]:Name --
001Qy000029nV2dIAE,failed,REQUIRED_FIELD_MISSING:Required fields are missing: [Name]:Name --
001Qy000029nV2eIAE,failed,REQUIRED_FIELD_MISSING:Required fields are missing: [Name]:Name --
001Qy000029nV2fIAE,failed,REQUIRED_FIELD_MISSING:Required fields are missing: [Name]:Name --
001Qy000029nV2gIAE,failed,REQUIRED_FIELD_MISSING:Required fields are missing: [Name]:Name --
001Qy000029nV2hIAE,failed,REQUIRED_FIELD_MISSING:Required fields are missing: [Name]:Name --
001Qy000029nV2iIAE,failed,REQUIRED_FIELD_MISSING:Required fields are missing: [Name]:Name --
001Qy000029nV2jIAE,failed,REQUIRED_FIELD_MISSING:Required fields are missing: [Name]:Name --
001Qy000029nV2kIAE,failed,REQUIRED_FIELD_MISSING:Required fields are missing: [Name]:Name --
001Qy000029nV2lIAE,failed,REQUIRED_FIELD_MISSING:Required fields are missing: [Name]:Name --
001Qy000029nV2mIAE,failed,REQUIRED_FIELD_MISSING:Required fields are missing: [Name]:Name --
001Qy000029nV2nIAE,failed,REQUIRED_FIELD_MISSING:Required fields are missing: [Name]:Name --
001Qy000029nV2oIAE,failed,REQUIRED_FIELD_MISSING:Required fields are missing: [Name]:Name --
001Qy000029nV2pIAE,failed,REQUIRED_FIELD_MISSING:Required fields are missing: [Name]:Name --
001Qy000029nV2qIAE,failed,REQUIRED_FIELD_MISSING:Required fields are missing: [Name]:Name --
001Qy000029nV2rIAE,failed,REQUIRED_FIELD_MISSING:Required fields are missing: [Name]:Name --
001Qy000029nV2sIAE,failed,REQUIRED_FIELD_MISSING:Required fields are missing: [Name]:Name --
001Qy000029nV2tIAE,failed,REQUIRED_FIELD_MISSING:Required fields are missing: [Name]:Name --
001Qy000029nV2uIAE,failed,REQUIRED_FIELD_MISSING:Required fields are missing: [Name]:Name --
001Qy000029nV2vIAE,failed,REQUIRED_FIELD_MISSING:Required fields are missing: [Name]:Name --
001Qy000029nV2wIAE,failed,REQUIRED_FIELD_MISSING:Required fields are missing: [Name]:Name --
001Qy000029nV2xIAE,failed,REQUIRED_FIELD_MISSING:Required fields are missing: [Name]:Name --
001Qy000029nV2yIAE,failed,REQUIRED_FIELD_MISSING:Required fields are missing: [Name]:Name --
001Qy000029nV2zIAE,failed,REQUIRED_FIELD_MISSING:Required fields are missing: [Name]:Name --
001Qy000029nV30IAE,failed,REQUIRED_FIELD_MISSING:Required fields are missing: [Name]:Name --
001Qy000029nV31IAE,failed,REQUIRED_FIELD_MISSING:Required fields are missing: [Name]:Name --
001Qy000029nV32IAE,failed,REQUIRED_FIELD_MISSING:Required fields are missing: [Name]:Name --
001Qy000029nV33IAE,failed,REQUIRED_FIELD_MISSING:Required fields are missing: [Name]:Name --
001Qy000029nV34IAE,failed,REQUIRED_FIELD_MISSING:Required fields are missing: [Name]:Name --
001Qy000029nV35IAE,failed,REQUIRED_FIELD_MISSING:Required fields are missing: [Name]:Name --
001Qy000029nV36IAE,failed,REQUIRED_FIELD_MISSING:Required fields are missing: [Name]:Name --
001Qy000029nV37IAE,failed,REQUIRED_FIELD_MISSING:Required fields are missing: [Name]:Name --
001Qy000029nV38IAE,failed,REQUIRED_FIELD_MISSING:Required fields are missing: [Name]:Name --
001Qy000029nV39IAE,failed,REQUIRED_FIELD_MISSING:Required fields are missing: [Name]:Name --
001Qy000029nV3AIAU,failed,REQUIRED_FIELD_MISSING:Required fields are missing: [Name]:Name --
001Qy000029nV3BIAU,failed,REQUIRED_FIELD_MISSING:Required fields are missing: [Name]:Name --
001Qy000029nV3CIAU,failed,REQUIRED_FIELD_MISSING:Required fields are missing: [Name]:Name --
001Qy000029nV3DIAU,failed,REQUIRED_FIELD_MISSING:Required fields are missing: [Name]:Name --
001Qy000029nV3EIAU,failed,REQUIRED_FIELD_MISSING:Required fields are missing: [Name]:Name --
001Qy000029nV3FIAU,failed,REQUIRED_FIELD_MISSING:Required fields are missing: [Name]:Name --
001Qy000029nV3GIAU,failed,REQUIRED_FIELD_MISSING:Required fields are missing: [Name]:Name --
001Qy000029nV3HIAU,failed,REQUIRED_FIELD_MISSING:Required fields are missing: [Name]:Name --
001Qy000029nV3IIAU,failed,REQUIRED_FIELD_MISSING:Required fields are missing: [Name]:Name --
001Qy000029nV3JIAU,failed,REQUIRED_FIELD_MISSING:Required fields are missing: [Name]:Name --
001Qy000029nV3KIAU,failed,REQUIRED_FIELD_MISSING:Required fields are missing: [Name]:Name --
001Qy000029nV3LIAU,failed,REQUIRED_FIELD_MISSING:Required fields are missing: [Name]:Name --
001Qy000029nV3MIAU,failed,REQUIRED_FIELD_MISSING:Required fields are missing: [Name]:Name --
001Qy000029nV3NIAU,failed,REQUIRED_FIELD_MISSING:Required fields are missing: [Name]:Name --
001Qy000029nV3OIAU,failed,REQUIRED_FIELD_MISSING:Required fields are missing: [Name]:Name --
001Qy000029nV3PIAU,failed,REQUIRED_FIELD_MISSING:Required fields are missing: [Name]:Name --
001Qy000029nV3QIAU,failed,REQUIRED_FIELD_MISSING:Required fields are missing: [Name]:Name --
001Qy000029nV3RIAU,failed,REQUIRED_FIELD_MISSING:Required fields are missing: [Name]:Name --
001Qy000029nV3SIAU,failed,REQUIRED_FIELD_MISSING:Required fields are missing: [Name]:Name --
001Qy000029nV3TIAU,failed,REQUIRED_FIELD_MISSING:Required fields are missing: [Name]:Name --
001Qy000029nV3UIAU,failed,REQUIRED_FIELD_MISSING:Required fields are missing: [Name]:Name --
001Qy000029nV3VIAU,failed,REQUIRED_FIELD_MISSING:Required fields are missing: [Name]:Name --
001Qy000029nV3WIAU,failed,REQUIRED_FIELD_MISSING:Required fields are missing: [Name]:Name --
001Qy000029nV3XIAU,failed,REQUIRED_FIELD_MISSING:Required fields are missing: [Name]:Name --
001Qy000029nV3YIAU,failed,REQUIRED_FIELD_MISSING:Required fields are missing: [Name]:Name --
001Qy000029nV3ZIAU,failed,REQUIRED_FIELD_MISSING:Required fields are missing: [Name]:Name --
001Qy000029nV3aIAE,failed,REQUIRED_FIELD_MISSING:Required fields are missing: [Name]:Name --
001Qy000029nV3bIAE,failed,REQUIRED_FIELD_MISSING:Required fields are missing: [Name]:Name --
001Qy000029nV3cIAE,failed,REQUIRED_FIELD_MISSING:Required fields are missing: [Name]:Name --
001Qy000029nV3dIAE,failed,REQUIRED_FIELD_MISSING:Required fields are missing: [Name]:Name --
001Qy000029nV3eIAE,failed,REQUIRED_FIELD_MISSING:Required fields are missing: [Name]:Name --
001Qy000029nV3fIAE,failed,REQUIRED_FIELD_MISSING:Required fields are missing: [Name]:Name --
001Qy000029nV3gIAE,failed,REQUIRED_FIELD_MISSING:Required fields are missing: [Name]:Name --
001Qy000029nV3hIAE,failed,REQUIRED_FIELD_MISSING:Required fields are missing: [Name]:Name --
001Qy000029nV3iIAE,failed,REQUIRED_FIELD_MISSING:Required fields are missing: [Name]:Name --
001Qy000029nV3jIAE,failed,REQUIRED_FIELD_MISSING:Required fields are missing: [Name]:Name --
001Qy000029nV3kIAE,failed,REQUIRED_FIELD_MISSING:Required fields are missing: [Name]:Name --
001Qy000029nV3lIAE,failed,REQUIRED_FIELD_MISSING:Required fields are missing: [Name]:Name --
001Qy000029nV3mIAE,failed,REQUIRED_FIELD_MISSING:Required fields are missing: [Name]:Name --
001Qy000029nV3nIAE,failed,REQUIRED_FIELD_MISSING:Required fields are missing: [Name]:Name --
001Qy000029nV3oIAE,failed,REQUIRED_FIELD_MISSING:Required fields are missing: [Name]:Name --
001Qy000029nV3pIAE,failed,REQUIRED_FIELD_MISSING:Required fields are missing: [Name]:Name --
001Qy000029nV3qIAE,failed,REQUIRED_FIELD_MISSING:Required fields are missing: [Name]:Name --
001Qy000029nV3rIAE,failed,REQUIRED_FIELD_MISSING:Required fields are missing: [Name]:Name --
001Qy000029nV3sIAE,failed,REQUIRED_FIELD_MISSING:Required fields are missing: [Name]:Name --
001Qy000029nV3tIAE,failed,REQUIRED_FIELD_MISSING:Required fields are missing: [Name]:Name --
001Qy000029nV3uIAE,failed,REQUIRED_FIELD_MISSING:Required fields are missing: [Name]:Name --
001Qy000029nV3vIAE,failed,REQUIRED_FIELD_MISSING:Required fields are missing: [Name]:Name --
001Qy000029nV3wIAE,failed,REQUIRED_FIELD_MISSING:Required fields are missing: [Name]:Name --
001Qy000029nV3xIAE,failed,REQUIRED_FIELD_MISSING:Required fields are missing: [Name]:Name --
001Qy000029nV3yIAE,failed,REQUIRED_FIELD_MISSING:Required fields are missing: [Name]:Name --
001Qy000029nV3zIAE,failed,REQUIRED_FIELD_MISSING:Required fields are missing: [Name]:Name --
001Qy000029nV40IAE,failed,REQUIRED_FIELD_MISSING:Required fields are missing: [Name]:Name --
001Qy000029nV41IAE,failed,REQUIRED_FIELD_MISSING:Required fields are missing: [Name]:Name --
001Qy000029nV42IAE,failed,REQUIRED_FIELD_MISSING:Required fields are missing: [Name]:Name --
001Qy000029nV43IAE,failed,REQUIRED_FIELD_MISSING:Required fields are missing: [Name]:Name --
001Qy000029nV44IAE,failed,REQUIRED_FIELD_MISSING:Required fields are missing: [Name]:Name --
001Qy000029nV45IAE,failed,REQUIRED_FIELD_MISSING:Required fields are missing: [Name]:Name --
001Qy000029nV46IAE,failed,REQUIRED_FIELD_MISSING:Required fields are missing: [Name]:Name --
001Qy000029nV47IAE,failed,REQUIRED_FIELD_MISSING:Required fields are missing: [Name]:Name --
001Qy000029nV48IAE,failed,REQUIRED_FIELD_MISSING:Required fields are missing: [Name]:Name --
001Qy000029nV49IAE,failed,REQUIRED_FIELD_MISSING:Required fields are missing: [Name]:Name --
001Qy000029nV4AIAU,failed,REQUIRED_FIELD_MISSING:Required fields are missing: [Name]:Name --
001Qy000029nV4BIAU,failed,REQUIRED_FIELD_MISSING:Required fields are missing: [Name]:Name --
001Qy000029nV4CIAU,failed,REQUIRED_FIELD_MISSING:Required fields are missing: [Name]:Name --
001Qy000029nV4DIAU,failed,REQUIRED_FIELD_MISSING:Required fields are missing: [Name]:Name --
001Qy000029nV4EIAU,failed,REQUIRED_FIELD_MISSING:Required fields are missing: [Name]:Name --
001Qy000029nV4FIAU,failed,REQUIRED_FIELD_MISSING:Required fields are missing: [Name]:Name --
001Qy000029nV4GIAU,failed,REQUIRED_FIELD_MISSING:Required fields are missing: [Name]:Name --
001Qy000029nV4HIAU,failed,REQUIRED_FIELD_MISSING:Required fields are missing: [Name]:Name --
001Qy000029nV4IIAU,failed,REQUIRED_FIELD_MISSING:Required fields are missing: [Name]:Name --
001Qy000029nV4JIAU,failed,REQUIRED_FIELD_MISSING:Required fields are missing: [Name]:Name --
001Qy000029nV4KIAU,failed,REQUIRED_FIELD_MISSING:Required fields are missing: [Name]:Name --
001Qy000029nV4LIAU,failed,REQUIRED_FIELD_MISSING:Required fields are missing: [Name]:Name --
001Qy000029nV4MIAU,failed,REQUIRED_FIELD_MISSING:Required fields are missing: [Name]:Name --
001Qy000029nV4NIAU,failed,REQUIRED_FIELD_MISSING:Required fields are missing: [Name]:Name --
001Qy000029nV4OIAU,failed,REQUIRED_FIELD_MISSING:Required fields are missing: [Name]:Name --
001Qy000029nV4PIAU,failed,REQUIRED_FIELD_MISSING:Required fields are missing: [Name]:Name --
001Qy000029nV4QIAU,failed,REQUIRED_FIELD_MISSING:Required fields are missing: [Name]:Name --
001Qy000029nV4RIAU,failed,REQUIRED_FIELD_MISSING:Required fields are missing: [Name]:Name --
001Qy000029nV4SIAU,failed,REQUIRED_FIELD_MISSING:Required fields are missing: [Name]:Name --
001Qy000029nV4TIAU,failed,REQUIRED_FIELD_MISSING:Required fields are missing: [Name]:Name --
001Qy000029nV4UIAU,failed,REQUIRED_FIELD_MISSING:Required fields are missing: [Name]:Name --
001Qy00002B3UdPIAV,failed,REQUIRED_FIELD_MISSING:Required fields are missing: [Name]:Name --
001Qy00002B3iy3IAB,failed,REQUIRED_FIELD_MISSING:Required fields are missing: [Name]:Name --