__srcId,__targetId
003Qy00000rXV07IAG,003d200001tEFDKAA4
003Qy00000rXV08IAG,003d200001tEFDLAA4
003Qy00000rXV09IAG,003d200001tEFDMAA4
003Qy00000rXV0AIAW,003d200001tEFDNAA4
003Qy00000rXV0BIAW,003d200001tEFDOAA4
003Qy00000rXV0CIAW,003d200001tEFDPAA4
003Qy00000rXV0DIAW,003d200001tEFDQAA4
003Qy00000rXV0EIAW,003d200001tEFDRAA4
003Qy00000rXV0FIAW,003d200001tEFDSAA4
003Qy00000rXV0HIAW,003d200001tEFDTAA4
003Qy00000rXV0IIAW,003d200001tEFDUAA4
003Qy00000rXV0JIAW,003d200001tEHC5AAO
003Qy00000rXV0LIAW,003d200001tEHC6AAO
003Qy00000rXV0MIAW,003d200001tEHC7AAO
003Qy00000rXV0NIAW,003d200001tEHC8AAO
003Qy00000rXV0OIAW,003d200001tEHC9AAO
003Qy00000rXV0PIAW,003d200001tEHCAAA4
003Qy00000rXV0QIAW,003d200001tEHCBAA4