"AccountId","AssistantName","AssistantPhone","AttendanceStatus__c","Birthdate","CleanStatus","ContactSource","CreatedById","CreatedDate","Department","Description","DoNotCall","Email","EmailBouncedDate","EmailBouncedReason","ExternalSalesforceId__c","Fax","FirstName","HasOptedOutOfEmail","HasOptedOutOfFax","HomePhone","Id","IndividualId","IsDeleted","IsEmailBounced","Jigsaw","JigsawContactId","Languages__c","LastActivityDate","LastCURequestDate","LastCUUpdateDate","LastModifiedById","LastModifiedDate","LastName","LastReferencedDate","LastViewedDate","LeadSource","Level__c","MailingCity","MailingCountry","MailingGeocodeAccuracy","MailingLatitude","MailingLongitude","MailingPostalCode","MailingState","MailingStreet","MasterRecordId","MobilePhone","OtherCity","OtherCountry","OtherGeocodeAccuracy","OtherLatitude","OtherLongitude","OtherPhone","OtherPostalCode","OtherState","OtherStreet","OwnerId","Phone","PhotoUrl","Pilot_Rating__c","ReportsToId","Salutation","SystemModstamp","Title"
"001Qy00001bVSqFIAW","","","","1973-11-01","Pending","","005Qy00001Cft9BIAR","2025-11-21T11:22:39.000Z","Procurement","","false","rose@edge.com","","","","(512) 757-9000","Rose","false","false","","003Qy00000rXV07IAG","","false","false","","","English","","","","005Qy00001Cft9BIAR","2025-11-21T11:22:39.000Z","Gonzalez","","","Trade Show","Primary","","","","","","","","313 Constitution Place
Austin, TX 78767
USA","","(512) 757-9340","","","","","","","","","","005Qy00001Cft9BIAR","(512) 757-6000","/services/images/photo/003Qy00000rXV07IAG","3.5","","Ms.","2025-11-21T11:22:39.000Z","SVP, Procurement"
"001Qy00001bVSqFIAW","","","","1952-07-30","Pending","","005Qy00001Cft9BIAR","2025-11-21T11:22:39.000Z","Finance","","false","sean@edge.com","","","","(512) 757-9000","Sean","false","false","","003Qy00000rXV08IAG","","false","false","","","English","","","","005Qy00001Cft9BIAR","2025-11-21T11:22:39.000Z","Forbes","","","Trade Show","Secondary","","","","","","","","312 Constitution Place
Austin, TX 78767
USA","","(512) 757-4561","","","","","","","","","","005Qy00001Cft9BIAR","(512) 757-6000","/services/images/photo/003Qy00000rXV08IAG","","","Mr.","2025-11-21T11:22:39.000Z","CFO"
"001Qy00001bVSqGIAW","","","","","Pending","","005Qy00001Cft9BIAR","2025-11-21T11:22:39.000Z","","","false","jrogers@burlington.com","","","","(336) 222-8000","Jack","false","false","","003Qy00000rXV09IAG","","false","false","","","","","","","005Qy00001Cft9BIAR","2025-11-21T11:22:39.000Z","Rogers","","","Web","","Burlington","USA","","","","27215","NC","525 S. Lexington Ave","","","","","","","","","","","","005Qy00001Cft9BIAR","(336) 222-7000","/services/images/photo/003Qy00000rXV09IAG","","","Mr.","2025-11-21T11:22:39.000Z","VP, Facilities"
"001Qy00001bVSqHIAW","Jean Marie","(014) 427-4465","","","Pending","","005Qy00001Cft9BIAR","2025-11-21T11:22:39.000Z","Finance","","false","pat@pyramid.net","","","","(014) 427-4428","Pat","false","false","","003Qy00000rXV0AIAW","","false","false","","","French, English","","","","005Qy00001Cft9BIAR","2025-11-21T11:22:39.000Z","Stumuller","","","","Primary","Paris","France","","","","75251","","2 Place Jussieu","","(014) 454-6364","Paris","France","","","","","75251","","2 Place Jussieu","005Qy00001Cft9BIAR","(014) 427-4427","/services/images/photo/003Qy00000rXV0AIAW","","","Ms.","2025-11-21T11:22:39.000Z","SVP, Administration and Finance"
"001Qy00001bVSqIIAW","","","","","Pending","","005Qy00001Cft9BIAR","2025-11-21T11:22:39.000Z","Internal Operations","","false","a_young@dickenson.com","","","","","Andy","false","false","","003Qy00000rXV0BIAW","","false","false","","","English","","","","005Qy00001Cft9BIAR","2025-11-21T11:22:39.000Z","Young","","","Purchased List","Primary","Lawrence","USA","","","","66045","KS","1301 Hoch Drive","","(785) 265-5350","Lawrence","USA","","","","","66045","KS","1301 Hoch Drive","005Qy00001Cft9BIAR","(785) 241-6200","/services/images/photo/003Qy00000rXV0BIAW","5.0","","Mr","2025-11-21T11:22:39.000Z","SVP, Operations"
"001Qy00001bVSqJIAW","","","","1959-06-28","Pending","","005Qy00001Cft9BIAR","2025-11-21T11:22:39.000Z","Finance","","false","barr_tim@grandhotels.com","","","","(312) 596-1500","Tim","false","false","","003Qy00000rXV0CIAW","","false","false","","","English","","","","005Qy00001Cft9BIAR","2025-11-21T11:22:39.000Z","Barr","","","External Referral","Secondary","","","","","","","","2335 N. Michigan Avenue, Suite 1500
Chicago, IL 60601, USA","","(312) 596-1230","","","","","","","","","","005Qy00001Cft9BIAR","(312) 596-1000","/services/images/photo/003Qy00000rXV0CIAW","","","Mr.","2025-11-21T11:22:39.000Z","SVP, Administration and Finance"
"001Qy00001bVSqJIAW","","","","1961-09-08","Pending","","005Qy00001Cft9BIAR","2025-11-21T11:22:39.000Z","Facilities","","false","bond_john@grandhotels.com","","","","(312) 596-1500","John","false","false","","003Qy00000rXV0DIAW","","false","false","","","English","","","","005Qy00001Cft9BIAR","2025-11-21T11:22:39.000Z","Bond","","","External Referral","Primary","","","","","","","","2334 N. Michigan Avenue, Suite 1500
Chicago, IL 60601, USA","","(312) 596-1563","","","","","","","","","","005Qy00001Cft9BIAR","(312) 596-1000","/services/images/photo/003Qy00000rXV0DIAW","","","Mr.","2025-11-21T11:22:39.000Z","VP, Facilities"
"001Qy00001bVSqKIAW","Audrey Haynes","(212) 842-5589","","1949-02-22","Pending","","005Qy00001Cft9BIAR","2025-11-21T11:22:39.000Z","Production","","false","spavlova@uog.com","","","","(212) 842-5501","Stella","false","false","","003Qy00000rXV0EIAW","","false","false","","","English","","","","005Qy00001Cft9BIAR","2025-11-21T11:22:39.000Z","Pavlova","","","Public Relations","Tertiary","","","","","","","","1303 Avenue of the Americas 
New York, NY 10019
USA","","(212) 842-5501","","","","","","(212) 842-5543","","","","005Qy00001Cft9BIAR","(212) 842-5500","/services/images/photo/003Qy00000rXV0EIAW","","","Ms.","2025-11-21T11:22:39.000Z","SVP, Production"
"001Qy00001bVSqKIAW","","","","1966-04-07","Pending","","005Qy00001Cft9BIAR","2025-11-21T11:22:39.000Z","Technology","","false","lboyle@uog.com","","","","(212) 842-5501","Lauren","false","false","","003Qy00000rXV0FIAW","","false","false","","","English","","","","005Qy00001Cft9BIAR","2025-11-21T11:22:39.000Z","Boyle","2026-06-28T21:41:18.000Z","2026-06-28T21:41:18.000Z","Public Relations","Secondary","","","","","","","","1304 Avenue of the Americas 
New York, NY 10019
USA","","(212) 842-5611","","","","","","","","","","005Qy00001Cft9BIAR","(212) 842-5500","/services/images/photo/003Qy00000rXV0FIAW","","","Ms.","2025-11-21T11:22:39.000Z","SVP, Technology"
"001Qy00001bVSqLIAW","","","","1954-02-02","Pending","","005Qy00001Cft9BIAR","2025-11-21T11:22:39.000Z","Warehouse Mgmt","","false","j.davis@expressl&t.net","","","","(503) 421-7801","Josh","false","false","","003Qy00000rXV0GIAW","","false","false","","","English","","","","005Qy00001Cft9BIAR","2025-11-21T11:22:39.000Z","Davis","","","Word of mouth","Secondary","","","","","","","","621 SW 5th Avenue Suite 400
Portland, Oregon 97204
United States","","(503) 421-4387","","","","","","","","","","005Qy00001Cft9BIAR","(503) 421-7800","/services/images/photo/003Qy00000rXV0GIAW","","","Mr.","2025-11-21T11:22:39.000Z","Director, Warehouse Mgmt"
"001Qy00001bVSqMIAW","","","","1949-12-20","Pending","","005Qy00001Cft9BIAR","2025-11-21T11:22:39.000Z","Administration","","false","jane_gray@uoa.edu","","","","(520) 773-9060","Jane","false","false","","003Qy00000rXV0HIAW","","false","false","","","English","","","","005Qy00001Cft9BIAR","2025-11-21T11:22:39.000Z","Grey","","","Word of mouth","Primary","","","","","","","","888 N Euclid 
Hallis Center, Room 501
Tucson, AZ 85721
United States","","(520) 773-4539","","","","","","","","","","005Qy00001Cft9BIAR","(520) 773-9050","/services/images/photo/003Qy00000rXV0HIAW","","","Ms.","2025-11-21T11:22:39.000Z","Dean of Administration"
"001Qy00001bVSqKIAW","Pat Feinstein","(212) 842-5464","","1957-06-20","Pending","","005Qy00001Cft9BIAR","2025-11-21T11:22:39.000Z","Executive Team","","false","asong@uog.com","","","","(212) 842-5501","Arthur","false","false","","003Qy00000rXV0IIAW","","false","false","","","English","","","","005Qy00001Cft9BIAR","2025-11-21T11:22:39.000Z","Song","","","Public Relations","Secondary","","","","","","","","1301 Avenue of the Americas 
New York, NY 10019
USA","","(212) 842-4535","","","","","","","","","","005Qy00001Cft9BIAR","(212) 842-5500","/services/images/photo/003Qy00000rXV0IIAW","","","Mr.","2025-11-21T11:22:39.000Z","CEO"
"001Qy00001bVSqKIAW","Chris Nobel","(212) 842-5428","","1939-06-01","Pending","","005Qy00001Cft9BIAR","2025-11-21T11:22:39.000Z","Finance","","false","agreen@uog.com","","","","(212) 842-5501","Avi","false","false","","003Qy00000rXV0JIAW","","false","false","","","English","","","","005Qy00001Cft9BIAR","2025-11-21T11:22:39.000Z","Green","","","Public Relations","Primary","","","","","","","","1302 Avenue of the Americas 
New York, NY 10019
USA","","(212) 842-2383","","","","","","","","","","005Qy00001Cft9BIAR","(212) 842-5500","/services/images/photo/003Qy00000rXV0JIAW","4.5","","Mr.","2025-11-21T11:22:39.000Z","CFO"
"001Qy00001bVSqLIAW","Ron Sage","(503) 421-6782","","1942-10-09","Pending","","005Qy00001Cft9BIAR","2025-11-21T11:22:39.000Z","Operations","","false","b.levy@expressl&t.net","","","","(503) 421-7801","Babara","false","false","","003Qy00000rXV0KIAW","","false","false","","","English","","","","005Qy00001Cft9BIAR","2025-11-21T11:22:39.000Z","Levy","","","Word of mouth","Primary","","","","","","","","620 SW 5th Avenue Suite 400
Portland, Oregon 97204
United States","","(503) 421-5451","","","","","","","","","","005Qy00001Cft9BIAR","(503) 421-7800","/services/images/photo/003Qy00000rXV0KIAW","","","Ms.","2025-11-21T11:22:39.000Z","SVP, Operations"
"001Qy00001bVSqNIAW","","","","1952-02-28","Pending","","005Qy00001Cft9BIAR","2025-11-21T11:22:39.000Z","Finance","","false","ajames@uog.com","","","","+44 191 4956620","Ashley","false","false","","003Qy00000rXV0LIAW","","false","false","","","English","","","","005Qy00001Cft9BIAR","2025-11-21T11:22:39.000Z","James","","","Public Relations","Primary","","","","","","","","Kings Park, 17th Avenue, Team Valley Trading Estate,
Gateshead, Tyne and Wear NE26 3HS
United Kingdom","","+44 191 3456234","","","","","","","","","","005Qy00001Cft9BIAR","+44 191 4956203","/services/images/photo/003Qy00000rXV0LIAW","","","Ms.","2025-11-21T11:22:39.000Z","VP, Finance"
"001Qy00001bVSqOIAW","","","","1956-04-26","Pending","","005Qy00001Cft9BIAR","2025-11-21T11:22:39.000Z","Executive Team","","false","tripley@uog.com","","","","(650) 450-8820","Tom","false","false","","003Qy00000rXV0MIAW","","false","false","","","English","","","","005Qy00001Cft9BIAR","2025-11-21T11:22:39.000Z","Ripley","","","Public Relations","Primary","","","","","","","","9 Tagore Lane
Singapore, Singapore 787472
Singapore","","(650) 345-7636","","","","","","","","","","005Qy00001Cft9BIAR","(650) 450-8810","/services/images/photo/003Qy00000rXV0MIAW","","","Mr.","2025-11-21T11:22:39.000Z","Regional General Manager"
"001Qy00001bVSqOIAW","","","","1967-08-07","Pending","","005Qy00001Cft9BIAR","2025-11-21T11:22:39.000Z","Production","","false","ldcruz@uog.com","","","","(650) 450-8820","Liz","false","false","","003Qy00000rXV0NIAW","","false","false","","","English","","","","005Qy00001Cft9BIAR","2025-11-21T11:22:39.000Z","D'Cruz","","","Public Relations","Secondary","","","","","","","","10 Tagore Lane
Singapore, Singapore 787472
Singapore","","(650) 345-6637","","","","","","","","","","005Qy00001Cft9BIAR","(650) 450-8810","/services/images/photo/003Qy00000rXV0NIAW","","","Ms.","2025-11-21T11:22:39.000Z","VP, Production"
"001Qy00001bVSqPIAW","","","","1948-01-12","Pending","","005Qy00001Cft9BIAR","2025-11-21T11:22:39.000Z","Technology","","false","efrank@genepoint.com","","","","(650) 867-9895","Edna","false","false","","003Qy00000rXV0OIAW","","false","false","","","English","","","","005Qy00001Cft9BIAR","2025-11-21T11:22:39.000Z","Frank","","","Partner","Primary","","","","","","","","345 Shoreline Park
Mountain View, CA 94043
USA","","(650) 867-7686","","","","","","","","","","005Qy00001Cft9BIAR","(650) 867-3450","/services/images/photo/003Qy00000rXV0OIAW","","","Ms.","2025-11-21T11:22:39.000Z","VP, Technology"
"001Qy00001bVSqQIAW","","","","","Pending","","005Qy00001Cft9BIAR","2025-11-21T11:22:39.000Z","","","false","","","","","","Siddartha","false","false","","003Qy00000rXV0PIAW","","false","false","","","","","","","005Qy00001Cft9BIAR","2025-11-21T11:22:39.000Z","Nedaerk","","","","","San Francisco","US","","","","94087","CA","The Landmark @ One Market","","","","","","","","","","","","005Qy00001Cft9BIAR","","/services/images/photo/003Qy00000rXV0PIAW","","","Ms.","2025-11-21T11:22:39.000Z",""
"001Qy00001bVSqQIAW","","","","","Pending","","005Qy00001Cft9BIAR","2025-11-21T11:22:39.000Z","","","false","","","","","","Jake","false","false","","003Qy00000rXV0QIAW","","false","false","","","","","","","005Qy00001Cft9BIAR","2025-11-21T11:22:39.000Z","Llorrac","","","","","","","","","","","","","","","","","","","","","","","","005Qy00001Cft9BIAR","","/services/images/photo/003Qy00000rXV0QIAW","","","Mr.","2025-11-21T11:22:39.000Z",""
