"CreatedById","CreatedDate","Description","DeveloperName","DoesIncludeBosses","DoesSendEmailToMembers","Email","Id","LastModifiedById","LastModifiedDate","Name","OwnerId","RelatedId","SystemModstamp","Type"
"005Qy00001Cft9BIAR","2025-11-21T11:22:39.000Z","","AllInternalUsers","true","false","","00GQy00000JFLCTMA5","005Qy00001Cft9BIAR","2025-11-21T11:22:39.000Z","","00DQy00000ddMNFMA2","","2025-11-21T11:22:39.000Z","Organization"
"005Qy00001Cft9BIAR","2025-11-21T11:22:39.000Z","","CEOA","true","false","","00GQy00000JFLCUMA5","005Qy00001Cft9BIAR","2025-11-21T11:22:39.000Z","","00DQy00000ddMNFMA2","00EQy00000JPEeLMAX","2025-11-21T11:22:39.000Z","Role"
"005Qy00001Cft9BIAR","2025-11-21T11:22:39.000Z","","SVPSalesMarketingA","true","false","","00GQy00000JFLCVMA5","005Qy00001Cft9BIAR","2025-11-21T11:22:39.000Z","","00DQy00000ddMNFMA2","00EQy00000JPEeMMAX","2025-11-21T11:22:39.000Z","Role"
"005Qy00001Cft9BIAR","2025-11-21T11:22:39.000Z","","VPNorthAmericanSalesA","true","false","","00GQy00000JFLCWMA5","005Qy00001Cft9BIAR","2025-11-21T11:22:39.000Z","","00DQy00000ddMNFMA2","00EQy00000JPEeNMAX","2025-11-21T11:22:39.000Z","Role"
"005Qy00001Cft9BIAR","2025-11-21T11:22:39.000Z","","DirectorDirectSalesA","true","false","","00GQy00000JFLCXMA5","005Qy00001Cft9BIAR","2025-11-21T11:22:39.000Z","","00DQy00000ddMNFMA2","00EQy00000JPEeOMAX","2025-11-21T11:22:39.000Z","Role"
"005Qy00001Cft9BIAR","2025-11-21T11:22:39.000Z","","VPMarketingA","true","false","","00GQy00000JFLCYMA5","005Qy00001Cft9BIAR","2025-11-21T11:22:39.000Z","","00DQy00000ddMNFMA2","00EQy00000JPEePMAX","2025-11-21T11:22:39.000Z","Role"
"005Qy00001Cft9BIAR","2025-11-21T11:22:39.000Z","","SVPCustomerServiceSupportA","true","false","","00GQy00000JFLCZMA5","005Qy00001Cft9BIAR","2025-11-21T11:22:39.000Z","","00DQy00000ddMNFMA2","00EQy00000JPEeQMAX","2025-11-21T11:22:39.000Z","Role"
"005Qy00001Cft9BIAR","2025-11-21T11:22:39.000Z","","DirectorChannelSalesA","true","false","","00GQy00000JFLCaMAP","005Qy00001Cft9BIAR","2025-11-21T11:22:39.000Z","","00DQy00000ddMNFMA2","00EQy00000JPEeRMAX","2025-11-21T11:22:39.000Z","Role"
"005Qy00001Cft9BIAR","2025-11-21T11:22:39.000Z","","CFOA","true","false","","00GQy00000JFLCbMAP","005Qy00001Cft9BIAR","2025-11-21T11:22:39.000Z","","00DQy00000ddMNFMA2","00EQy00000JPEeSMAX","2025-11-21T11:22:39.000Z","Role"
"005Qy00001Cft9BIAR","2025-11-21T11:22:39.000Z","","WesternSalesTeamA","true","false","","00GQy00000JFLCcMAP","005Qy00001Cft9BIAR","2025-11-21T11:22:39.000Z","","00DQy00000ddMNFMA2","00EQy00000JPEeTMAX","2025-11-21T11:22:39.000Z","Role"
"005Qy00001Cft9BIAR","2025-11-21T11:22:39.000Z","","CustomerSupportNorthAmericaA","true","false","","00GQy00000JFLCdMAP","005Qy00001Cft9BIAR","2025-11-21T11:22:39.000Z","","00DQy00000ddMNFMA2","00EQy00000JPEeUMAX","2025-11-21T11:22:39.000Z","Role"
"005Qy00001Cft9BIAR","2025-11-21T11:22:39.000Z","","ChannelSalesTeamA","true","false","","00GQy00000JFLCeMAP","005Qy00001Cft9BIAR","2025-11-21T11:22:39.000Z","","00DQy00000ddMNFMA2","00EQy00000JPEeVMAX","2025-11-21T11:22:39.000Z","Role"
"005Qy00001Cft9BIAR","2025-11-21T11:22:39.000Z","","MarketingTeamA","true","false","","00GQy00000JFLCfMAP","005Qy00001Cft9BIAR","2025-11-21T11:22:39.000Z","","00DQy00000ddMNFMA2","00EQy00000JPEeWMAX","2025-11-21T11:22:39.000Z","Role"
"005Qy00001Cft9BIAR","2025-11-21T11:22:39.000Z","","InstallationRepairServicesA","true","false","","00GQy00000JFLCgMAP","005Qy00001Cft9BIAR","2025-11-21T11:22:39.000Z","","00DQy00000ddMNFMA2","00EQy00000JPEeXMAX","2025-11-21T11:22:39.000Z","Role"
"005Qy00001Cft9BIAR","2025-11-21T11:22:39.000Z","","EasternSalesTeamA","true","false","","00GQy00000JFLChMAP","005Qy00001Cft9BIAR","2025-11-21T11:22:39.000Z","","00DQy00000ddMNFMA2","00EQy00000JPEeYMAX","2025-11-21T11:22:39.000Z","Role"
"005Qy00001Cft9BIAR","2025-11-21T11:22:39.000Z","","CustomerSupportInternationalA","true","false","","00GQy00000JFLCiMAP","005Qy00001Cft9BIAR","2025-11-21T11:22:39.000Z","","00DQy00000ddMNFMA2","00EQy00000JPEeZMAX","2025-11-21T11:22:39.000Z","Role"
"005Qy00001Cft9BIAR","2025-11-21T11:22:39.000Z","","VPInternationalSalesA","true","false","","00GQy00000JFLCjMAP","005Qy00001Cft9BIAR","2025-11-21T11:22:39.000Z","","00DQy00000ddMNFMA2","00EQy00000JPEeaMAH","2025-11-21T11:22:39.000Z","Role"
"005Qy00001Cft9BIAR","2025-11-21T11:22:39.000Z","","SVPHumanResourcesA","true","false","","00GQy00000JFLCkMAP","005Qy00001Cft9BIAR","2025-11-21T11:22:39.000Z","","00DQy00000ddMNFMA2","00EQy00000JPEebMAH","2025-11-21T11:22:39.000Z","Role"
"005Qy00001Cft9BIAR","2025-11-21T11:22:39.000Z","","COOA","true","false","","00GQy00000JFLClMAP","005Qy00001Cft9BIAR","2025-11-21T11:22:39.000Z","","00DQy00000ddMNFMA2","00EQy00000JPEecMAH","2025-11-21T11:22:39.000Z","Role"
"005Qy00001Cft9BIAR","2025-11-21T11:22:39.000Z","","CEOD","true","false","","00GQy00000JFLCmMAP","005Qy00001Cft9BIAR","2025-11-21T11:22:39.000Z","","00DQy00000ddMNFMA2","00EQy00000JPEeLMAX","2025-11-21T11:22:39.000Z","RoleAndSubordinatesInternal"
"005Qy00001Cft9BIAR","2025-11-21T11:22:39.000Z","","SVPSalesMarketingD","true","false","","00GQy00000JFLCnMAP","005Qy00001Cft9BIAR","2025-11-21T11:22:39.000Z","","00DQy00000ddMNFMA2","00EQy00000JPEeMMAX","2025-11-21T11:22:39.000Z","RoleAndSubordinatesInternal"
"005Qy00001Cft9BIAR","2025-11-21T11:22:39.000Z","","VPNorthAmericanSalesD","true","false","","00GQy00000JFLCoMAP","005Qy00001Cft9BIAR","2025-11-21T11:22:39.000Z","","00DQy00000ddMNFMA2","00EQy00000JPEeNMAX","2025-11-21T11:22:39.000Z","RoleAndSubordinatesInternal"
"005Qy00001Cft9BIAR","2025-11-21T11:22:39.000Z","","DirectorDirectSalesD","true","false","","00GQy00000JFLCpMAP","005Qy00001Cft9BIAR","2025-11-21T11:22:39.000Z","","00DQy00000ddMNFMA2","00EQy00000JPEeOMAX","2025-11-21T11:22:39.000Z","RoleAndSubordinatesInternal"
"005Qy00001Cft9BIAR","2025-11-21T11:22:39.000Z","","VPMarketingD","true","false","","00GQy00000JFLCqMAP","005Qy00001Cft9BIAR","2025-11-21T11:22:39.000Z","","00DQy00000ddMNFMA2","00EQy00000JPEePMAX","2025-11-21T11:22:39.000Z","RoleAndSubordinatesInternal"
"005Qy00001Cft9BIAR","2025-11-21T11:22:39.000Z","","SVPCustomerServiceSupportD","true","false","","00GQy00000JFLCrMAP","005Qy00001Cft9BIAR","2025-11-21T11:22:39.000Z","","00DQy00000ddMNFMA2","00EQy00000JPEeQMAX","2025-11-21T11:22:39.000Z","RoleAndSubordinatesInternal"
"005Qy00001Cft9BIAR","2025-11-21T11:22:39.000Z","","DirectorChannelSalesD","true","false","","00GQy00000JFLCsMAP","005Qy00001Cft9BIAR","2025-11-21T11:22:39.000Z","","00DQy00000ddMNFMA2","00EQy00000JPEeRMAX","2025-11-21T11:22:39.000Z","RoleAndSubordinatesInternal"
"005Qy00001Cft9BIAR","2025-11-21T11:22:39.000Z","","CFOD","true","false","","00GQy00000JFLCtMAP","005Qy00001Cft9BIAR","2025-11-21T11:22:39.000Z","","00DQy00000ddMNFMA2","00EQy00000JPEeSMAX","2025-11-21T11:22:39.000Z","RoleAndSubordinatesInternal"
"005Qy00001Cft9BIAR","2025-11-21T11:22:39.000Z","","WesternSalesTeamD","true","false","","00GQy00000JFLCuMAP","005Qy00001Cft9BIAR","2025-11-21T11:22:39.000Z","","00DQy00000ddMNFMA2","00EQy00000JPEeTMAX","2025-11-21T11:22:39.000Z","RoleAndSubordinatesInternal"
"005Qy00001Cft9BIAR","2025-11-21T11:22:39.000Z","","CustomerSupportNorthAmericaD","true","false","","00GQy00000JFLCvMAP","005Qy00001Cft9BIAR","2025-11-21T11:22:39.000Z","","00DQy00000ddMNFMA2","00EQy00000JPEeUMAX","2025-11-21T11:22:39.000Z","RoleAndSubordinatesInternal"
"005Qy00001Cft9BIAR","2025-11-21T11:22:39.000Z","","ChannelSalesTeamD","true","false","","00GQy00000JFLCwMAP","005Qy00001Cft9BIAR","2025-11-21T11:22:39.000Z","","00DQy00000ddMNFMA2","00EQy00000JPEeVMAX","2025-11-21T11:22:39.000Z","RoleAndSubordinatesInternal"
"005Qy00001Cft9BIAR","2025-11-21T11:22:39.000Z","","MarketingTeamD","true","false","","00GQy00000JFLCxMAP","005Qy00001Cft9BIAR","2025-11-21T11:22:39.000Z","","00DQy00000ddMNFMA2","00EQy00000JPEeWMAX","2025-11-21T11:22:39.000Z","RoleAndSubordinatesInternal"
"005Qy00001Cft9BIAR","2025-11-21T11:22:39.000Z","","InstallationRepairServicesD","true","false","","00GQy00000JFLCyMAP","005Qy00001Cft9BIAR","2025-11-21T11:22:39.000Z","","00DQy00000ddMNFMA2","00EQy00000JPEeXMAX","2025-11-21T11:22:39.000Z","RoleAndSubordinatesInternal"
"005Qy00001Cft9BIAR","2025-11-21T11:22:39.000Z","","EasternSalesTeamD","true","false","","00GQy00000JFLCzMAP","005Qy00001Cft9BIAR","2025-11-21T11:22:39.000Z","","00DQy00000ddMNFMA2","00EQy00000JPEeYMAX","2025-11-21T11:22:39.000Z","RoleAndSubordinatesInternal"
"005Qy00001Cft9BIAR","2025-11-21T11:22:39.000Z","","CustomerSupportInternationalD","true","false","","00GQy00000JFLD0MAP","005Qy00001Cft9BIAR","2025-11-21T11:22:39.000Z","","00DQy00000ddMNFMA2","00EQy00000JPEeZMAX","2025-11-21T11:22:39.000Z","RoleAndSubordinatesInternal"
"005Qy00001Cft9BIAR","2025-11-21T11:22:39.000Z","","VPInternationalSalesD","true","false","","00GQy00000JFLD1MAP","005Qy00001Cft9BIAR","2025-11-21T11:22:39.000Z","","00DQy00000ddMNFMA2","00EQy00000JPEeaMAH","2025-11-21T11:22:39.000Z","RoleAndSubordinatesInternal"
"005Qy00001Cft9BIAR","2025-11-21T11:22:39.000Z","","SVPHumanResourcesD","true","false","","00GQy00000JFLD2MAP","005Qy00001Cft9BIAR","2025-11-21T11:22:39.000Z","","00DQy00000ddMNFMA2","00EQy00000JPEebMAH","2025-11-21T11:22:39.000Z","RoleAndSubordinatesInternal"
"005Qy00001Cft9BIAR","2025-11-21T11:22:39.000Z","","COOD","true","false","","00GQy00000JFLD3MAP","005Qy00001Cft9BIAR","2025-11-21T11:22:39.000Z","","00DQy00000ddMNFMA2","00EQy00000JPEecMAH","2025-11-21T11:22:39.000Z","RoleAndSubordinatesInternal"
