"CreatedById","CreatedDate","Description","DisplayUrl","ExternalDataSourceId","ExternalId","Family","Id","IsActive","IsArchived","IsDeleted","LastModifiedById","LastModifiedDate","LastReferencedDate","LastViewedDate","Name","ProductClass","ProductCode","QuantityUnitOfMeasure","StockKeepingUnit","SystemModstamp","Type"
"005Qy00001Cft9BIAR","2025-11-21T11:22:39.000Z","","","","","Fixed-Wing","01tQy00000P0n8nIAB","true","false","false","005Qy00001Cft9BIAR","2025-11-21T11:22:39.000Z","","","GenWatt Diesel 1000kW","Simple","GC1060","","","2025-11-21T11:22:39.000Z",""
"005Qy00001Cft9BIAR","2025-11-21T11:22:39.000Z","","","","","Multi-Rotor","01tQy00000P0n8oIAB","true","false","false","005Qy00001Cft9BIAR","2025-11-21T11:22:39.000Z","","","GenWatt Diesel 10kW","Simple","GC1020","","","2025-11-21T11:22:39.000Z",""
"005Qy00001Cft9BIAR","2025-11-21T11:22:39.000Z","","","","","Fixed-Wing","01tQy00000P0n8pIAB","true","false","false","005Qy00001Cft9BIAR","2025-11-21T11:22:39.000Z","","","GenWatt Diesel 200kW","Simple","GC1040","","","2025-11-21T11:22:39.000Z",""
"005Qy00001Cft9BIAR","2025-11-21T11:22:39.000Z","","","","","HALE","01tQy00000P0n8qIAB","true","false","false","005Qy00001Cft9BIAR","2025-11-21T11:22:39.000Z","","","Installation: Industrial - High","Simple","IN7080","","","2025-11-21T11:22:39.000Z",""
"005Qy00001Cft9BIAR","2025-11-21T11:22:39.000Z","","","","","Fixed-Wing","01tQy00000P0n8rIAB","true","false","false","005Qy00001Cft9BIAR","2025-11-21T11:22:39.000Z","","","SLA: Silver","Simple","SL9040","","","2025-11-21T11:22:39.000Z",""
"005Qy00001Cft9BIAR","2025-11-21T11:22:39.000Z","","","","","HALE","01tQy00000P0n8sIAB","true","false","false","005Qy00001Cft9BIAR","2025-11-21T11:22:39.000Z","","","GenWatt Propane 500kW","Simple","GC3040","","","2025-11-21T11:22:39.000Z",""
"005Qy00001Cft9BIAR","2025-11-21T11:22:39.000Z","","","","","HALE","01tQy00000P0n8tIAB","true","false","false","005Qy00001Cft9BIAR","2025-11-21T11:22:39.000Z","","","SLA: Platinum","Simple","SL9080","","","2025-11-21T11:22:39.000Z",""
"005Qy00001Cft9BIAR","2025-11-21T11:22:39.000Z","","","","","MALE","01tQy00000P0n8uIAB","true","false","false","005Qy00001Cft9BIAR","2025-11-21T11:22:39.000Z","","","GenWatt Propane 100kW","Simple","GC3020","","","2025-11-21T11:22:39.000Z",""
"005Qy00001Cft9BIAR","2025-11-21T11:22:39.000Z","","","","","HALE","01tQy00000P0n8vIAB","true","false","false","005Qy00001Cft9BIAR","2025-11-21T11:22:39.000Z","","","GenWatt Propane 1500kW","Simple","GC3060","","","2025-11-21T11:22:39.000Z",""
"005Qy00001Cft9BIAR","2025-11-21T11:22:39.000Z","","","","","Multi-Rotor","01tQy00000P0n8wIAB","true","false","false","005Qy00001Cft9BIAR","2025-11-21T11:22:39.000Z","","","SLA: Bronze","Simple","SL9020","","","2025-11-21T11:22:39.000Z",""
"005Qy00001Cft9BIAR","2025-11-21T11:22:39.000Z","","","","","Fixed-Wing","01tQy00000P0n8xIAB","true","false","false","005Qy00001Cft9BIAR","2025-11-21T11:22:39.000Z","","","GenWatt Gasoline 750kW","Simple","GC5040","","","2025-11-21T11:22:39.000Z",""
"005Qy00001Cft9BIAR","2025-11-21T11:22:39.000Z","","","","","Multi-Rotor","01tQy00000P0n8yIAB","true","false","false","005Qy00001Cft9BIAR","2025-11-21T11:22:39.000Z","","","Installation: Portable","Simple","IN7020","","","2025-11-21T11:22:39.000Z",""
"005Qy00001Cft9BIAR","2025-11-21T11:22:39.000Z","","","","","MALE","01tQy00000P0n8zIAB","true","false","false","005Qy00001Cft9BIAR","2025-11-21T11:22:39.000Z","","","SLA: Gold","Simple","SL9060","","","2025-11-21T11:22:39.000Z",""
"005Qy00001Cft9BIAR","2025-11-21T11:22:39.000Z","","","","","MALE","01tQy00000P0n90IAB","true","false","false","005Qy00001Cft9BIAR","2025-11-21T11:22:39.000Z","","","GenWatt Gasoline 300kW","Simple","GC5020","","","2025-11-21T11:22:39.000Z",""
"005Qy00001Cft9BIAR","2025-11-21T11:22:39.000Z","","","","","Fixed-Wing","01tQy00000P0n91IAB","true","false","false","005Qy00001Cft9BIAR","2025-11-21T11:22:39.000Z","","","Installation: Industrial - Low","Simple","IN7040","","","2025-11-21T11:22:39.000Z",""
"005Qy00001Cft9BIAR","2025-11-21T11:22:39.000Z","","","","","HALE","01tQy00000P0n92IAB","true","false","false","005Qy00001Cft9BIAR","2025-11-21T11:22:39.000Z","","","GenWatt Gasoline 2000kW","Simple","GC5060","","","2025-11-21T11:22:39.000Z",""
"005Qy00001Cft9BIAR","2025-11-21T11:22:39.000Z","","","","","MALE","01tQy00000P0n93IAB","true","false","false","005Qy00001Cft9BIAR","2025-11-21T11:22:39.000Z","","","Installation: Industrial - Medium","Simple","IN7060","","","2025-11-21T11:22:39.000Z",""
