"CaseAccessForAccountOwner","ContactAccessForAccountOwner","DeveloperName","ForecastUserId","Id","LastModifiedById","LastModifiedDate","MayForecastManagerShare","Name","OpportunityAccessForAccountOwner","ParentRoleId","PortalAccountId","PortalAccountOwnerId","PortalType","RollupDescription","SystemModstamp"
"Edit","Edit","CEO","","00EQy00000JPEeLMAX","005Qy00001Cft9BIAR","2025-11-21T11:22:39.000Z","false","CEO","Edit","","","","None","CEO","2025-11-21T11:22:39.000Z"
"Edit","Edit","SVPSalesMarketing","","00EQy00000JPEeMMAX","005Qy00001Cft9BIAR","2025-11-21T11:22:39.000Z","false","SVP, Sales & Marketing","Edit","00EQy00000JPEeLMAX","","","None","SVP, Sales & Marketing","2025-11-21T11:22:39.000Z"
"Edit","Edit","VPNorthAmericanSales","","00EQy00000JPEeNMAX","005Qy00001Cft9BIAR","2025-11-21T11:22:39.000Z","false","VP, North American Sales","Edit","00EQy00000JPEeMMAX","","","None","VP, North American Sales","2025-11-21T11:22:39.000Z"
"Edit","Edit","DirectorDirectSales","","00EQy00000JPEeOMAX","005Qy00001Cft9BIAR","2025-11-21T11:22:39.000Z","false","Director, Direct Sales","Edit","00EQy00000JPEeNMAX","","","None","Director, Direct Sales","2025-11-21T11:22:39.000Z"
"Edit","Edit","VPMarketing","","00EQy00000JPEePMAX","005Qy00001Cft9BIAR","2025-11-21T11:22:39.000Z","false","VP, Marketing","Edit","00EQy00000JPEeMMAX","","","None","VP, Marketing","2025-11-21T11:22:39.000Z"
"Edit","Edit","SVPCustomerServiceSupport","","00EQy00000JPEeQMAX","005Qy00001Cft9BIAR","2025-11-21T11:22:39.000Z","false","SVP, Customer Service & Support","Edit","00EQy00000JPEeLMAX","","","None","SVP, Customer Service & Support","2025-11-21T11:22:39.000Z"
"Edit","Edit","DirectorChannelSales","","00EQy00000JPEeRMAX","005Qy00001Cft9BIAR","2025-11-21T11:22:39.000Z","false","Director, Channel Sales","Edit","00EQy00000JPEeNMAX","","","None","Director, Channel Sales","2025-11-21T11:22:39.000Z"
"Edit","Edit","CFO","","00EQy00000JPEeSMAX","005Qy00001Cft9BIAR","2025-11-21T11:22:39.000Z","false","CFO","Edit","00EQy00000JPEeLMAX","","","None","CFO","2025-11-21T11:22:39.000Z"
"Edit","Edit","WesternSalesTeam","","00EQy00000JPEeTMAX","005Qy00001Cft9BIAR","2025-11-21T11:22:39.000Z","false","Western Sales Team","Edit","00EQy00000JPEeOMAX","","","None","Western Sales Team","2025-11-21T11:22:39.000Z"
"Edit","Edit","CustomerSupportNorthAmerica","","00EQy00000JPEeUMAX","005Qy00001Cft9BIAR","2025-11-21T11:22:39.000Z","false","Customer Support, North America","Edit","00EQy00000JPEeQMAX","","","None","Customer Support, North America","2025-11-21T11:22:39.000Z"
"Edit","Edit","ChannelSalesTeam","","00EQy00000JPEeVMAX","005Qy00001Cft9BIAR","2025-11-21T11:22:39.000Z","false","Channel Sales Team","Edit","00EQy00000JPEeRMAX","","","None","Channel Sales Team","2025-11-21T11:22:39.000Z"
"Edit","Edit","MarketingTeam","","00EQy00000JPEeWMAX","005Qy00001Cft9BIAR","2025-11-21T11:22:39.000Z","false","Marketing Team","Edit","00EQy00000JPEePMAX","","","None","Marketing Team","2025-11-21T11:22:39.000Z"
"Edit","Edit","InstallationRepairServices","","00EQy00000JPEeXMAX","005Qy00001Cft9BIAR","2025-11-21T11:22:39.000Z","false","Installation & Repair Services","Edit","00EQy00000JPEeQMAX","","","None","Installation & Repair Services","2025-11-21T11:22:39.000Z"
"Edit","Edit","EasternSalesTeam","","00EQy00000JPEeYMAX","005Qy00001Cft9BIAR","2025-11-21T11:22:39.000Z","false","Eastern Sales Team","Edit","00EQy00000JPEeOMAX","","","None","Eastern Sales Team","2025-11-21T11:22:39.000Z"
"Edit","Edit","CustomerSupportInternational","","00EQy00000JPEeZMAX","005Qy00001Cft9BIAR","2025-11-21T11:22:39.000Z","false","Customer Support, International","Edit","00EQy00000JPEeQMAX","","","None","Customer Support, International","2025-11-21T11:22:39.000Z"
"Edit","Edit","VPInternationalSales","","00EQy00000JPEeaMAH","005Qy00001Cft9BIAR","2025-11-21T11:22:39.000Z","false","VP, International Sales","Edit","00EQy00000JPEeMMAX","","","None","VP, International Sales","2025-11-21T11:22:39.000Z"
"Edit","Edit","SVPHumanResources","","00EQy00000JPEebMAH","005Qy00001Cft9BIAR","2025-11-21T11:22:39.000Z","false","SVP, Human Resources","Edit","00EQy00000JPEeLMAX","","","None","SVP, Human Resources","2025-11-21T11:22:39.000Z"
"Edit","Edit","COO","","00EQy00000JPEecMAH","005Qy00001Cft9BIAR","2025-11-21T11:22:39.000Z","false","COO","Edit","00EQy00000JPEeLMAX","","","None","COO","2025-11-21T11:22:39.000Z"
